Container#,Bill of lading,SSL,Load ID,Load status,Carrier,Service ID
AMFU877684,MAEUS00587868,MAEU,14450777,Tender Accepted,PBIN,FT
APHU641129,CMDUGGZ1627342,CMDU,14437216,Completed,PBIN,FT
APHU730931,CMDUSEL1307322,CMDU,14440378,Tender Accepted,PBIN,FT
APZU476865,CMDUSEL1307327,CMDU,14387802,Tender Accepted,PBIN,FT
BEAU404428,THD0880155A,CMDU,14445349,In Transit,PBIN,FT
BEAU407787,THD0880171G,CMDU,14439183,In Transit,PBIN,FT
BEAU410070,THD0880158H,CMDU,14445360,Tender Accepted,PBIN,FT
BEAU526201,ONEYSZPBBH047503,ONEY,14437219,Completed,PBIN,FT
BEAU533347,ONEYSZPBW8273902,ONEY,14439486,Completed,PBIN,FT
BEAU536031,ONEYHANC00756400,ONEY,14436750,Completed,PBIN,FT
BEAU537727,ONEYSELC24682700,ONEY,14453375,Tender Accepted,PBIN,FT
BEAU539476,THD0880157C,CMDU,14445373,In Transit,PBIN,FT
BEAU548752,ONEYLCBC01723900,ONEY,14432215,Tender Accepted,PBIN,FT
BEAU550243,ONEYSZPC06462305,ONEY,14425284,Completed,PBIN,FT
BEAU562521,THD0880169B,CMDU,14439184,In Transit,PBIN,FT
BEAU576344,COSU6324887621,COSU,14433213,Tender Accepted,PBIN,FT
BMOU457994,HDMULCHM54604000,HDMU,14391370,In Transit,PBIN,FT
BMOU463398,HDMUSELM25264500,HDMU,14444029,Tender Accepted,PBIN,FT
BMOU463944,HDMULCHM08899000,HDMU,14377051,Completed,PBIN,FT
BMOU516723,HDMULCHM88713414,HDMU,14428780,In Transit,PBIN,FT
BMOU517213,HDMULCHM84032803,HDMU,14346168,Completed,PBIN,FT
BMOU517431,HDMUSELM01881600,HDMU,14443524,Tender Accepted,PBIN,FT
BMOU522519,HDMULCHM34572738,HDMU,14374433,Completed,PBIN,FT
BMOU522579,HDMULCHM34572778,HDMU,14346373,Completed,PBIN,FT
BMOU585972,THD0880158B,CMDU,14445374,In Transit,PBIN,FT
BSIU808830,MAEUS00563352,MAEU,14446856,In Transit,PBIN,FT
BSIU810004,ONEYSZPBBH047502,ONEY,14439377,Completed,PBIN,FT
BSIU919623,HDMULCHM33925600,HDMU,14391768,Completed,PBIN,FT
BSIU919845,HDMUSZPM29428600,HDMU,14425280,Completed,PBIN,FT
BSIU920645,HDMUSZPM22374400,HDMU,14401463,Completed,PBIN,FT
BSIU923248,HDMULCHM66083900,HDMU,14346374,Completed,PBIN,FT
BSIU933509,HDMUSELM08782901,HDMU,14436794,Tender Accepted,PBIN,FT
BSIU933634,HDMUSELM08782901,HDMU,14436796,Tender Accepted,PBIN,FT
BSIU946370,HDMUSELM25264500,HDMU,14437094,Tender Accepted,PBIN,FT
BSIU981881,ONEYHANB92967400,ONEY,14429844,Tender Accepted,PBIN,FT
BSIU991583,HDMUSGNM79013413,HDMU,14435376,Tender Accepted,PBIN,FT
BSIU991713,HDMUSZPM38909600,HDMU,14437080,Planned,PBIN,FT
BSIU991889,HDMULCHM23694900,HDMU,14377959,Completed,PBIN,FT
BSIU993970,HDMULCHM91151300,HDMU,14366515,Completed,PBIN,FT
BSIU994194,HDMULCHM23694900,HDMU,14378190,Completed,PBIN,FT
CAAU504321,HDMULCHM34572748,HDMU,14374535,Completed,PBIN,FT
CAAU514423,HDMULCHM14858300,HDMU,14378191,Completed,PBIN,FT
CAAU514429,HDMULCHM10594600,HDMU,14346378,Completed,PBIN,FT
CAAU517816,ONEYPKGB97759900,ONEY,14439384,Completed,PBIN,FT
CAAU606326,THD0880155C,CMDU,14445376,Tender Accepted,PBIN,FT
CAAU616823,THD0880171A,CMDU,14439186,In Transit,PBIN,FT
CAAU618995,THD0880168B,CMDU,14439187,Tender Accepted,PBIN,FT
CAAU619572,THD0880157A,CMDU,14445377,In Transit,PBIN,FT
CAIU434784,HDMUSZPM72759200,HDMU,14423624,Tender Accepted,PBIN,FT
CAIU438704,HDMULCHM58338400,HDMU,14391945,Completed,PBIN,FT
CAIU443969,HDMUSZPM50590800,HDMU,14437086,Open,PBIN,FT
CAIU444067,HDMUSZPM38909600,HDMU,14437186,In Transit,PBIN,FT
CAIU456535,HDMUSELM93329210,HDMU,14450521,Tender Accepted,PBIN,FT
CAIU456646,HDMULCHM34572718,HDMU,14370398,Completed,PBIN,FT
CAIU489256,HDMUSZPM50590800,HDMU,14437218,Open,PBIN,FT
CAIU491327,HDMUSELM16605000,HDMU,14437052,Tender Accepted,PBIN,FT
CAIU713070,HDMULCHM10594600,HDMU,14346379,Completed,PBIN,FT
CAIU713464,HDMULCHM66083900,HDMU,14374545,Completed,PBIN,FT
CAIU713506,HDMUSZPM68990300,HDMU,14422447,Completed,PBIN,FT
CAIU713894,HDMUSELM76065500,HDMU,14450327,Tender Accepted,PBIN,FT
CAIU714971,HDMULCHM34572738,HDMU,14374547,Completed,PBIN,FT
CAIU716655,HDMULCHM85942200,HDMU,14346390,Completed,PBIN,FT
CAIU718278,HDMULCHM3457270A,HDMU,14366516,Completed,PBIN,FT
CAIU719839,HDMULCHM34572748,HDMU,14367266,Completed,PBIN,FT
CAIU720193,HDMUSELM57282400,HDMU,14438889,Tender Accepted,PBIN,FT
CAIU720237,HDMULCHM34572728,HDMU,14366517,Completed,PBIN,FT
CAIU720509,HDMULCHM38607500,HDMU,14374549,Tender Accepted,PBIN,FT
CAIU725522,HDMULCHM91137000,HDMU,14366519,Completed,PBIN,FT
CAIU737470,HDMUSZPM74760000,HDMU,14454625,Open,,
CAIU739637,HDMULCHM3457270C,HDMU,14374550,Completed,PBIN,FT
CAIU739742,HDMULCHM13659000,HDMU,14374611,Tender Accepted,PBIN,FT
CAIU740402,HDMULCHM34572708,HDMU,14366730,Completed,PBIN,FT
CAIU740438,HDMULCHM87009300,HDMU,14346391,Completed,PBIN,FT
CAIU740553,HDMUSGNM97955106,HDMU,14411293,Completed,PBIN,FT
CAIU743538,HDMULCHM50960100,HDMU,14391372,In Transit,PBIN,FT
CAIU743702,HDMULCHM34572788,HDMU,14378192,Completed,PBIN,FT
CAIU743948,HDMULCHM34572738,HDMU,14366731,Completed,PBIN,FT
CAIU747752,HDMUSELM58947800,HDMU,14402698,Completed,PBIN,FT
CAIU748481,HDMULCHM40018300,HDMU,14374613,Completed,PBIN,FT
CAIU748724,HDMULCHM68108901,HDMU,14378193,In Transit,PBIN,FT
CAIU748755,HDMUSELM08782900,HDMU,14436791,Tender Accepted,PBIN,FT
CAIU750292,HDMULCHM3457270C,HDMU,14366732,Completed,PBIN,FT
CAIU752109,HDMUSZPM50590800,HDMU,14440972,In Transit,PBIN,FT
CAIU752220,HDMUSELM57282400,HDMU,14439012,Tender Accepted,PBIN,FT
CAIU752582,HDMUSELM01881600,HDMU,14427080,Completed,PBIN,FT
CAIU764151,HDMULCHM91584700,HDMU,14366733,Completed,PBIN,FT
CAIU766977,HDMULCHM80494800,HDMU,14378423,In Transit,PBIN,FT
CAIU768854,HDMUSZPM66544800,HDMU,14425281,Completed,PBIN,FT
CAIU770564,HDMUSGNM97955106,HDMU,14411295,Completed,PBIN,FT
CAIU870233,HDMULCHM98545600,HDMU,14378424,Completed,PBIN,FT
CAIU873227,SHSB1JB45500,SMLM,14401461,Completed,PBIN,FT
CAIU907745,HDMULCHM34572768,HDMU,14366735,Completed,PBIN,FT
CAIU982552,HDMULCHM3457270E,HDMU,14371678,Completed,PBIN,FT
CAIU982814,HDMULCHM34572718,HDMU,14370824,Completed,PBIN,FT
CAIU983699,HDMULCHM88713411,HDMU,14436795,Tender Accepted,PBIN,FT
CAIU990270,HDMUSELM54128100,HDMU,14450325,Tender Accepted,PBIN,FT
CAIU990270,HDMUSELM54128101,HDMU,14450325,Tender Accepted,PBIN,FT
CAIU996523,HDMUSELM01881600,HDMU,14443525,Tender Accepted,PBIN,FT
CAIU997008,HDMUSELM01881600,HDMU,14436773,Tender Accepted,PBIN,FT
CAIU997775,HDMULCHM15612600,HDMU,14346394,Completed,PBIN,FT
CBHU703176,COSU6323573751,COSU,14413593,Tender Accepted,PBIN,FT
CBHU707838,COSU6324739604,COSU,14431063,Tender Accepted,PBIN,FT
CBHU917096,COSU6321078290,COSU,14458101,Tender Accepted,PBIN,FT
CBHU951656,COSU6323458182,COSU,14397268,Completed,PBIN,FT
CCLU477210,COSU6323600066,COSU,14416687,Tender Accepted,PBIN,FT
CCLU478032,COSU6323600060,COSU,14416686,Tender Accepted,PBIN,FT
CCLU482691,COSU6323600063,COSU,14416684,Tender Accepted,PBIN,FT
CCLU497479,COSU6323600060,COSU,14416688,Tender Accepted,PBIN,FT
CCLU723523,COSU6321102310,COSU,14449428,Tender Accepted,PBIN,FT
CCLU767102,COSU6321102310,COSU,14449610,Tender Accepted,PBIN,FT
CCLU776901,COSU6324551850,COSU,14446841,Tender Accepted,PBIN,FT
CCLU786666,COSU6324739603,COSU,14427965,Completed,PBIN,FT
CCLU794469,COSU6325329989,COSU,14446851,Tender Accepted,PBIN,FT
CLHU468173,CMDUSEL1324482,CMDU,14440379,Tender Accepted,PBIN,FT
CLKU500942,HDMUSZPM74642500,HDMU,14341452,Completed,PBIN,FT
CLKU501365,HDMULCHM34572758,HDMU,14346395,Completed,PBIN,FT
CLKU501673,HDMUSGNM07009304,HDMU,14401198,Completed,PBIN,FT
CMAU475665,CMDUSEL1308389,CMDU,14407353,In Transit,PBIN,FT
CMAU494363,THD0880158I,CMDU,14445378,In Transit,PBIN,FT
CMAU505739,CMDUSEL1307330,CMDU,14387805,Tender Accepted,PBIN,FT
CMAU631809,THD0880158A,CMDU,14445379,In Transit,PBIN,FT
CMAU640402,THD0880168A,CMDU,14439188,Tender Accepted,PBIN,FT
CMAU644451,THD0880158F,CMDU,14445380,In Transit,PBIN,FT
CMAU667827,SGN1422093,CMDU,14461312,Tender Accepted,PBIN,FT
CMAU688973,CMDUSEL1324490,CMDU,14433214,Tender Accepted,PBIN,FT
CMAU692989,CMDUGGZ1627343,CMDU,14444366,Tender Accepted,PBIN,FT
CMAU693854,THD0880171I,CMDU,14439189,In Transit,PBIN,FT
CMAU712719,THD0880171J,CMDU,14439240,Tender Accepted,PBIN,FT
CMAU734487,THD0880172B,CMDU,14439241,Tender Accepted,PBIN,FT
CMAU746012,THD0880171F,CMDU,14439242,Tender Accepted,PBIN,FT
CMAU771236,THD0880169C,CMDU,14439245,Tender Accepted,PBIN,FT
CMAU784828,THD0880171B,CMDU,14439246,Tender Accepted,PBIN,FT
CMAU794374,THD0872215,CMDU,14424984,Completed,PBIN,FT
CMAU833014,CMDUSEL1324483,CMDU,14440391,Tender Accepted,PBIN,FT
CMAU841608,THD0872215,CMDU,14449933,In Transit,PBIN,FT
CMAU844385,THD0880171E,CMDU,14439247,Tender Accepted,PBIN,FT
CMAU920573,CMDUGGZ1627137,CMDU,14444184,Tender Accepted,PBIN,FT
CRXU989362,CMDUSEL1308172,CMDU,14428449,Completed,PBIN,FT
CSLU621841,COSU6324551850,COSU,14446840,Tender Accepted,PBIN,FT
CSNU602656,COSU6321078290,COSU,14458103,Tender Accepted,PBIN,FT
CSNU602905,COSU6321102310,COSU,14449613,Tender Accepted,PBIN,FT
CSNU634179,COSU6321102950,COSU,14453370,Tender Accepted,PBIN,FT
CSNU642055,COSU6323303690,COSU,14416689,Tender Accepted,PBIN,FT
CSNU676870,COSU6321102310,COSU,14449618,Tender Accepted,PBIN,FT
CSNU678011,COSU6322053965,COSU,14416741,Tender Accepted,PBIN,FT
CSNU690623,COSU6321236369,COSU,14416746,Tender Accepted,PBIN,FT
CSNU705687,COSU6321102310,COSU,14449619,Tender Accepted,PBIN,FT
CSNU711388,COSU6324739600,COSU,14431062,Tender Accepted,PBIN,FT
CSNU724390,COSU6321236360,COSU,14416749,Tender Accepted,PBIN,FT
CSNU734273,COSU6323573755,COSU,14401195,Completed,PBIN,FT
CSNU747027,COSU6321102310,COSU,14449830,Tender Accepted,PBIN,FT
CSNU750905,COSU6321078290,COSU,14440868,Tender Accepted,PBIN,FT
CSNU757476,COSU6324551850,COSU,14446829,Tender Accepted,PBIN,FT
CSNU765082,COSU6323458184,COSU,14449423,Tender Accepted,PBIN,FT
CSNU790308,COSU6321102310,COSU,14449831,Tender Accepted,PBIN,FT
CSNU807321,COSU6321236360,COSU,14416748,Tender Accepted,PBIN,FT
CSNU852385,COSU6324739601,COSU,14442967,Tender Accepted,PBIN,FT
CSNU854272,COSU6324739606,COSU,14442969,Tender Accepted,PBIN,FT
CXDU116259,COSU6323573754,COSU,14415267,Tender Accepted,PBIN,FT
CXDU165418,ONEYSGNC08452800,ONEY,14425291,Completed,PBIN,FT
CXDU173775,ONEYSZPBV9024300,ONEY,14357453,Completed,PBIN,FT
DFSU409866,CMDUSEL1307365,CMDU,14366983,Tender Accepted,PBIN,FT
DFSU621773,HDMULCHM3457270E,HDMU,14370825,Completed,PBIN,FT
DFSU622543,HDMUSZPM72759200,HDMU,14423625,Tender Accepted,PBIN,FT
DFSU662150,HDMUSELM33798300,HDMU,14402699,Completed,PBIN,FT
DFSU665477,HDMULCHM10085000,HDMU,14391397,In Transit,PBIN,FT
DFSU666538,HDMULCHM3457270A,HDMU,14371851,Completed,PBIN,FT
DFSU670485,HDMUSELM62611200,HDMU,14444572,Tender Accepted,PBIN,FT
DFSU671429,HDMUSELM25264500,HDMU,14437095,Tender Accepted,PBIN,FT
DFSU672309,HDMUSELM45830210,HDMU,14431066,Completed,PBIN,FT
DFSU683514,HDMULCHM34572768,HDMU,14346396,Completed,PBIN,FT
DFSU683600,HDMUSHAM19289200,HDMU,14432944,Tender Accepted,PBIN,FT
DFSU689033,HDMULCHM3457270C,HDMU,14375242,Completed,PBIN,FT
DFSU702690,HDMULCHM34572748,HDMU,14367267,Completed,PBIN,FT
DFSU728611,COSU6321236369,COSU,14416745,Tender Accepted,PBIN,FT
DFSU735646,HDMUSELM42556301,HDMU,14431065,Completed,PBIN,FT
DFSU735646,HDMUSELM42556300,HDMU,14431065,Completed,PBIN,FT
DFSU735793,HDMULCHM99589000,HDMU,14366736,Completed,PBIN,FT
DRYU601693,ONEYSELC24682700,ONEY,14459600,Tender Accepted,PBIN,FT
DRYU918641,HDMULCHM68938000,HDMU,14391373,In Transit,PBIN,FT
DRYU919008,HDMUSZPM74642500,HDMU,14341398,Completed,PBIN,FT
DRYU921789,HDMULCHM08899000,HDMU,14346398,Completed,PBIN,FT
DRYU922034,HDMULCHM34572718,HDMU,14346483,Completed,PBIN,FT
ECMU991172,CMDUSEL1306436,CMDU,14387806,Tender Accepted,PBIN,FT
FCIU817837,CMDUSEL1307346,CMDU,14418966,Tender Accepted,PBIN,FT
FCIU860457,ONEYSELC24682700,ONEY,14453376,Tender Accepted,PBIN,FT
FCIU927853,ONEYSZPBBH049703,ONEY,14439568,Completed,PBIN,FT
FDCU044021,ONEYSZPC06462303,ONEY,14425285,Completed,PBIN,FT
FDCU048676,ONEYLCBC01831900,ONEY,14425299,Completed,PBIN,FT
FDCU048730,ONEYSELC24682700,ONEY,14453378,Tender Accepted,PBIN,FT
FDCU051886,ONEYHANC00756400,ONEY,14440940,In Transit,PBIN,FT
FDCU060376,ONEYSELBF9959804,ONEY,14414296,Completed,PBIN,FT
FFAU121292,THD0880172A,CMDU,14439248,Tender Accepted,PBIN,FT
FFAU211407,THD0880171C,CMDU,14439249,Tender Accepted,PBIN,FT
FFAU364010,ONEYPKGC01988600,ONEY,14440061,Completed,PBIN,FT
FFAU420799,THD0880172D,CMDU,14439330,Tender Accepted,PBIN,FT
FSCU514148,COSU6323600060,COSU,14416683,Tender Accepted,PBIN,FT
FSCU725991,COSU6321236368,COSU,14416747,Tender Accepted,PBIN,FT
FSCU851093,HDMUSELM62611200,HDMU,14439180,Tender Accepted,PBIN,FT
FSCU880370,COSU6321102310,COSU,0,,,
FSCU883730,COSU6323573750,COSU,14413592,Tender Accepted,PBIN,FT
FSCU997556,CMDUGGZ1627341,CMDU,14444365,Completed,PBIN,FT
FWRU013980,CMDUGGZ1627339,CMDU,14444363,Tender Accepted,PBIN,FT
GAOU602008,SHSB1JB38700,SMLM,14401196,Completed,PBIN,FT
GAOU615293,HDMULCHM66083900,HDMU,14378194,Completed,PBIN,FT
GAOU616179,HDMUSGNM97955105,HDMU,14411029,Completed,PBIN,FT
GAOU617226,HDMUSZPM38909600,HDMU,14441152,In Transit,PBIN,FT
GAOU617536,HDMULCHM40018300,HDMU,14346485,Completed,PBIN,FT
GAOU618647,HDMUSZPM59855200,HDMU,14425279,Completed,PBIN,FT
GAOU618857,HDMULCHM88713404,HDMU,14459605,In Transit,PBIN,FT
GAOU619228,HDMUSZPM26043600,HDMU,14386338,Completed,PBIN,FT
GAOU619493,HDMULCHM34572718,HDMU,14370826,Completed,PBIN,FT
GAOU619801,HDMUSZPM46726400,HDMU,14423439,Completed,PBIN,FT
GAOU620159,HDMUKULM10796900,HDMU,14439185,Tender Accepted,PBIN,FT
GAOU620438,HDMUSGNM07009303,HDMU,14401197,Completed,PBIN,FT
GAOU620447,HDMULCHM88713430,HDMU,14449901,Tender Accepted,PBIN,FT
GAOU622487,HDMUSGNM79013400,HDMU,14446843,Tender Accepted,PBIN,FT
GAOU623029,HDMULCHM34572738,HDMU,14346486,Completed,PBIN,FT
GAOU623195,HDMULCHM34572728,HDMU,14366738,Completed,PBIN,FT
GAOU633464,HDMULCHM34572708,HDMU,14346487,Completed,PBIN,FT
GAOU634685,HDMULCHM49203700,HDMU,14375530,In Transit,PBIN,FT
GAOU634881,HDMULCHM88713421,HDMU,14431283,Tender Accepted,PBIN,FT
GAOU635652,HDMULCHM34572758,HDMU,14374614,Completed,PBIN,FT
GAOU635967,HDMUSELM25264500,HDMU,14423153,Completed,PBIN,FT
GAOU636388,HDMULCHM10594600,HDMU,14375243,Completed,PBIN,FT
GAOU636831,HDMULCHM3457270E,HDMU,14366762,Completed,PBIN,FT
GAOU638161,HDMULCHM05488500,HDMU,14366768,Completed,PBIN,FT
GAOU652255,ONEYPKGC02010400,ONEY,14427966,Tender Accepted,PBIN,FT
GAOU653278,ONEYSZPC10151700,ONEY,14433210,Tender Accepted,PBIN,FT
GAOU660331,ONEYHANC02355800,ONEY,14446852,Tender Accepted,PBIN,FT
GAOU661311,ONEYPKGB97222800,ONEY,14428788,In Transit,PBIN,FT
GCXU503246,HDMULCHM10594600,HDMU,14378426,Completed,PBIN,FT
GCXU503303,HDMULCHM10594600,HDMU,14346489,Completed,PBIN,FT
GCXU503481,HDMUSELM08782900,HDMU,14427083,Completed,PBIN,FT
GCXU503672,HDMUSZPM34749500,HDMU,14439600,Completed,PBIN,FT
GCXU503819,HDMULCHM85942200,HDMU,14366782,Completed,PBIN,FT
GCXU505199,HDMUSZPM21313000,HDMU,14425282,Completed,PBIN,FT
GCXU526624,ONEYPKGB97759900,ONEY,14439601,Completed,PBIN,FT
GCXU537170,THD0880171D,CMDU,14439331,In Transit,PBIN,FT
GCXU538361,THD0880158D,CMDU,14445381,Tender Accepted,PBIN,FT
GCXU547882,COSU6321236369,COSU,14416744,Tender Accepted,PBIN,FT
GCXU562019,COSU6322053965,COSU,14416740,Tender Accepted,PBIN,FT
GESU599205,ONEYSZPBZ0518600,ONEY,14429841,Tender Accepted,PBIN,FT
GLDU726878,CMDUSEL1324484,CMDU,14440392,Tender Accepted,PBIN,FT
GLDU998035,HDMUSELM24001800,HDMU,14394913,Completed,PBIN,FT
GVCU412902,COSU6323600063,COSU,14416682,Tender Accepted,PBIN,FT
HDMU257011,HDMUSHAM83292200,HDMU,14383284,Tender Accepted,PBIN,FT
HDMU648445,HDMUSHAM55024800,HDMU,14407354,Tender Accepted,PBIN,FT
HDMU665464,HDMUSELM57282400,HDMU,14439015,Tender Accepted,PBIN,FT
HDMU673992,HDMUSZPM97268300,HDMU,14374894,Completed,PBIN,FT
HDMU674687,HDMULCHM34572738,HDMU,14366783,Completed,PBIN,FT
HDMU678762,HDMULCHM34572788,HDMU,14374616,Completed,PBIN,FT
HDMU679019,HDMUSZPM51946300,HDMU,14407355,Tender Accepted,PBIN,FT
HDMU681134,HDMUSELM01881600,HDMU,14443527,Tender Accepted,PBIN,FT
HDMU681506,HDMUSZPM85265800,HDMU,14422446,Completed,PBIN,FT
HDMU681853,HDMULCHM16985500,HDMU,14374636,Tender Accepted,PBIN,FT
HDMU683119,HDMUSZPM97469400,HDMU,14389253,Completed,PBIN,FT
HDMU683599,HDMULCHM34572748,HDMU,14346500,Completed,PBIN,FT
HDMU683817,HDMULCHM47786600,HDMU,14378195,In Transit,PBIN,FT
HDMU683848,HDMUSELM36500907,HDMU,14453758,Tender Accepted,PBIN,FT
HDMU684794,HDMULCHM34572728,HDMU,14367268,Completed,PBIN,FT
HDMU684944,HDMUSZPM28219100,HDMU,14411585,Completed,PBIN,FT
HDMU685499,HDMULCHM34572788,HDMU,14366784,Completed,PBIN,FT
HDMU686553,HDMULCHM08899000,HDMU,14346502,Completed,PBIN,FT
HDMU686863,HDMUSELM62611200,HDMU,14444582,Tender Accepted,PBIN,FT
HDMU688444,HDMUSZPM15142700,HDMU,14376006,Completed,PBIN,FT
HDMU689606,HDMULCHM84032804,HDMU,14346504,Completed,PBIN,FT
HMMU601829,HDMULCHM68707400,HDMU,14367260,Completed,PBIN,FT
HMMU601933,HDMULCHM59441000,HDMU,14378196,In Transit,PBIN,FT
HMMU602855,HDMUSELM36500913,HDMU,14421690,Tender Accepted,PBIN,FT
HMMU602951,HDMULCHM10594600,HDMU,14375531,Completed,PBIN,FT
HMMU604213,HDMULCHM34572778,HDMU,14346505,Completed,PBIN,FT
HMMU604512,HDMULCHM88713420,HDMU,14450710,Tender Accepted,PBIN,FT
HMMU604983,HDMULCHM57974300,HDMU,14391769,Completed,PBIN,FT
HMMU606295,HDMUSELM08782901,HDMU,14436797,Tender Accepted,PBIN,FT
HMMU606369,HDMULCHM08899000,HDMU,14346506,Completed,PBIN,FT
HMMU606388,HDMUSZPM74642500,HDMU,14340677,Completed,PBIN,FT
HMMU609182,HDMUSGNM97955105,HDMU,14411230,Completed,PBIN,FT
HMMU609257,HDMULCHM66083900,HDMU,14375244,Completed,PBIN,FT
HMMU610275,HDMULCHM85942200,HDMU,14366785,Completed,PBIN,FT
HMMU612624,HDMUSELM84644300,HDMU,14394914,Tender Accepted,PBIN,FT
HMMU612704,HDMULCHM34572748,HDMU,14374637,Completed,PBIN,FT
HMMU612722,HDMULCHM3457270A,HDMU,14366786,Completed,PBIN,FT
HMMU613822,HDMULCHM85942200,HDMU,14371889,Tender Accepted,PBIN,FT
HMMU613908,HDMUKULM54172100,HDMU,0,,,
HMMU614664,HDMULCHM85942200,HDMU,14367269,Completed,PBIN,FT
HMMU615002,HDMUSELM51474800,HDMU,14440627,Tender Accepted,PBIN,FT
HMMU615435,HDMUSGNM07009302,HDMU,14423626,Tender Accepted,PBIN,FT
HMMU616164,HDMULCHM08899000,HDMU,14378197,Completed,PBIN,FT
HMMU616259,HDMUSELM62611200,HDMU,14444583,Tender Accepted,PBIN,FT
HMMU616517,HDMUSGNM79013406,HDMU,14444638,Tender Accepted,PBIN,FT
HMMU616900,HDMUSELM65881500,HDMU,14458938,Tender Accepted,PBIN,FT
HMMU616977,HDMULCHM85942200,HDMU,14366787,Completed,PBIN,FT
HMMU617124,HDMULCHM34572758,HDMU,14370828,Completed,PBIN,FT
HMMU617348,HDMULCHM3457270A,HDMU,14346507,Completed,PBIN,FT
HMMU617956,HDMULCHM08899000,HDMU,14378198,Completed,PBIN,FT
HMMU618811,HDMULCHM40018300,HDMU,14363206,Completed,PBIN,FT
HMMU619215,HDMULCHM3457270E,HDMU,14346508,Completed,PBIN,FT
HMMU620154,HDMULCHM94477100,HDMU,14374638,Tender Accepted,PBIN,FT
HMMU620743,HDMULCHM34572728,HDMU,14375245,Completed,PBIN,FT
HMMU621082,HDMULCHM85942200,HDMU,14346509,Completed,PBIN,FT
HMMU621371,HDMULCHM34572788,HDMU,14367470,Completed,PBIN,FT
HMMU621376,HDMUSZPM45252000,HDMU,14425310,Completed,PBIN,FT
HMMU622838,HDMULCHM84032800,HDMU,14363207,Completed,PBIN,FT
HMMU624441,HDMUSELM25264500,HDMU,14437096,Tender Accepted,PBIN,FT
HMMU624723,HDMULCHM47592800,HDMU,14423623,Completed,PBIN,FT
HMMU624877,HDMULCHM63620400,HDMU,14433211,Tender Accepted,PBIN,FT
HMMU625511,HDMULCHM40018300,HDMU,14346510,Completed,PBIN,FT
HMMU626092,HDMUSGNM97955105,HDMU,14411231,Completed,PBIN,FT
HMMU627301,HDMULCHM68108902,HDMU,14374639,Tender Accepted,PBIN,FT
HMMU627378,HDMULCHM34572768,HDMU,14346511,Completed,PBIN,FT
HMMU627434,HDMULCHM66083900,HDMU,14346512,Completed,PBIN,FT
HMMU627480,HDMUSELM53095401,HDMU,14450323,Tender Accepted,PBIN,FT
HMMU627988,HDMULCHM85942200,HDMU,14378199,Completed,PBIN,FT
HMMU628151,HDMUSGNM07009302,HDMU,14407356,Tender Accepted,PBIN,FT
HMMU628790,HDMULCHM88713434,HDMU,14450720,Tender Accepted,PBIN,FT
HMMU628998,HDMULCHM40018300,HDMU,14374641,Completed,PBIN,FT
HMMU633521,HDMULCHM43846700,HDMU,14391374,In Transit,PBIN,FT
HMMU634454,HDMULCHM3457270A,HDMU,14371855,Completed,PBIN,FT
HMMU635281,HDMULCHM23694900,HDMU,14378230,Completed,PBIN,FT
HMMU636061,HDMUSGNM97955105,HDMU,14411232,Completed,PBIN,FT
HMMU637254,HDMULCHM34572738,HDMU,14366788,Completed,PBIN,FT
HMMU638109,HDMULCHM34572718,HDMU,14346513,Completed,PBIN,FT
HMMU639498,HDMULCHM88713427,HDMU,14449838,Tender Accepted,PBIN,FT
HMMU639842,HDMUKULM10796900,HDMU,14423157,Completed,PBIN,FT
HMMU640099,HDMULCHM40018300,HDMU,14346514,Completed,PBIN,FT
HMMU640842,HDMULCHM40018300,HDMU,14346515,Completed,PBIN,FT
HMMU641168,HDMUSZPM36098800,HDMU,14446848,Tender Accepted,PBIN,FT
HMMU642447,HDMULCHM85942200,HDMU,14370829,Completed,PBIN,FT
HMMU643242,HDMULCHM34572708,HDMU,14378231,Completed,PBIN,FT
HMMU643536,HDMULCHM34572768,HDMU,14374646,Completed,PBIN,FT
HMMU643574,HDMULCHM85942200,HDMU,14378232,Completed,PBIN,FT
HMMU645966,HDMULCHM88713417,HDMU,0,,,
HMMU646118,HDMULCHM88713426,HDMU,14427086,Tender Accepted,PBIN,FT
HMMU646136,HDMULCHM88713409,HDMU,14450725,Tender Accepted,PBIN,FT
HMMU646263,HDMULCHM88713413,HDMU,14435444,In Transit,PBIN,FT
HMMU647231,HDMUSELM01881600,HDMU,14443528,Tender Accepted,PBIN,FT
HMMU648371,HDMUSELM25264500,HDMU,14437097,Tender Accepted,PBIN,FT
HMMU648495,HDMUSGNM97955105,HDMU,14411233,Completed,PBIN,FT
HMMU648548,HDMUSELM71290801,HDMU,14450326,Tender Accepted,PBIN,FT
HMMU648548,HDMUSELM71290800,HDMU,14450326,Tender Accepted,PBIN,FT
HMMU648700,HDMUSGNM79013406,HDMU,14444680,Tender Accepted,PBIN,FT
HMMU648989,HDMULCHM34572788,HDMU,14366789,Completed,PBIN,FT
HMMU649073,HDMULCHM34572738,HDMU,14354213,Completed,PBIN,FT
HMMU649575,HDMULCHM11870200,HDMU,14346516,In Transit,PBIN,FT
HMMU650057,HDMUSZPM92084400,HDMU,14451002,Tender Accepted,PBIN,FT
KKFU771853,ONEYHANC02396600,ONEY,14425311,Completed,PBIN,FT
KKFU776422,ONEYHANB92967401,ONEY,14446854,Tender Accepted,PBIN,FT
KKFU778464,ONEYSZPBW7716304,ONEY,14374921,Tender Accepted,PBIN,FT
KKFU784031,ONEYSZPBW8273903,ONEY,14383472,Completed,PBIN,FT
KKFU799794,ONEYSZPBZ4419302,ONEY,14388876,Completed,PBIN,FT
KKFU802104,ONEYPKGC02016300,ONEY,14427969,Tender Accepted,PBIN,FT
KKFU806641,ONEYSGNC08452800,ONEY,14425290,Completed,PBIN,FT
KKFU810174,ONEYSGNC08452800,ONEY,14425289,Completed,PBIN,FT
KKFU815529,ONEYHANB92967400,ONEY,14446853,Tender Accepted,PBIN,FT
KOCU400437,HDMUSGNM07009302,HDMU,14407357,Tender Accepted,PBIN,FT
KOCU400979,HDMULCHM10594600,HDMU,14378427,Completed,PBIN,FT
KOCU401996,HDMULCHM3457270E,HDMU,14354214,Completed,PBIN,FT
KOCU402276,HDMULCHM34572718,HDMU,14346517,Completed,PBIN,FT
KOCU402428,HDMULCHM19187101,HDMU,14346518,Tender Accepted,PBIN,FT
KOCU403357,HDMULCHM40018300,HDMU,14374647,Completed,PBIN,FT
KOCU403544,HDMULCHM06341700,HDMU,14374648,In Transit,PBIN,FT
KOCU403715,HDMULCHM88713407,HDMU,14450727,Tender Accepted,PBIN,FT
KOCU404501,HDMUSZPM66259600,HDMU,14428566,Tender Accepted,PBIN,FT
KOCU404691,HDMULCHM34572778,HDMU,14374649,Completed,PBIN,FT
KOCU404712,HDMULCHM16273700,HDMU,14378233,In Transit,PBIN,FT
KOCU405842,HDMUSGNM79013406,HDMU,14423432,Completed,PBIN,FT
KOCU406976,HDMULCHM23694900,HDMU,14375532,Completed,PBIN,FT
KOCU407177,HDMULCHM08899000,HDMU,14346519,Completed,PBIN,FT
KOCU407190,HDMUSGNM07009303,HDMU,14391226,Completed,PBIN,FT
KOCU407518,HDMUSELM57282400,HDMU,14439178,Tender Accepted,PBIN,FT
KOCU407689,HDMULCHM34572788,HDMU,14374740,Completed,PBIN,FT
KOCU407939,HDMUSELM01881600,HDMU,14443529,Tender Accepted,PBIN,FT
KOCU408548,HDMULCHM85942200,HDMU,14370880,Completed,PBIN,FT
KOCU408957,HDMULCHM85942200,HDMU,14374742,Completed,PBIN,FT
KOCU409844,HDMULCHM23694900,HDMU,14366830,Completed,PBIN,FT
KOCU409937,HDMUSELM16457300,HDMU,14440628,Tender Accepted,PBIN,FT
KOCU409962,HDMULCHM49145300,HDMU,14391375,In Transit,PBIN,FT
KOCU410480,HDMULCHM40018300,HDMU,14374749,Completed,PBIN,FT
KOCU411238,HDMUSELM89546300,HDMU,14444588,Tender Accepted,PBIN,FT
KOCU412010,HDMUSZPM88539600,HDMU,14411586,Completed,PBIN,FT
KOCU412153,HDMULCHM40018300,HDMU,14343677,Completed,PBIN,FT
KOCU412658,HDMUSELM01881600,HDMU,14443732,Tender Accepted,PBIN,FT
KOCU412822,HDMUSELM01881600,HDMU,14443733,Tender Accepted,PBIN,FT
KOCU412979,HDMULCHM34572708,HDMU,14346660,Completed,PBIN,FT
KOCU413719,HDMULCHM34572768,HDMU,14366831,Completed,PBIN,FT
KOCU414485,HDMULCHM11430000,HDMU,14391780,Completed,PBIN,FT
KOCU414671,HDMUSELM16605000,HDMU,14437092,Tender Accepted,PBIN,FT
KOCU414919,HDMULCHM34572788,HDMU,14370886,Completed,PBIN,FT
KOCU415161,HDMUSELM16605000,HDMU,14437093,Tender Accepted,PBIN,FT
KOCU415702,HDMULCHM08899000,HDMU,14377052,Completed,PBIN,FT
KOCU415946,HDMULCHM3457270A,HDMU,14366832,Completed,PBIN,FT
KOCU417415,HDMULCHM85942200,HDMU,14366833,Completed,PBIN,FT
KOCU417772,HDMULCHM34572768,HDMU,14346661,Completed,PBIN,FT
KOCU417921,HDMULCHM23884400,HDMU,14378234,In Transit,PBIN,FT
KOCU419053,HDMULCHM84032802,HDMU,14377053,Completed,PBIN,FT
KOCU419062,HDMULCHM92675400,HDMU,14346662,Tender Accepted,PBIN,FT
KOCU419078,HDMUSGNM97955106,HDMU,14411296,Completed,PBIN,FT
KOCU419252,HDMUSZPM50590800,HDMU,14446847,Tender Accepted,PBIN,FT
KOCU419789,HDMUSGNM07009304,HDMU,14402694,Completed,PBIN,FT
KOCU419910,HDMUSELM62611200,HDMU,14444584,Tender Accepted,PBIN,FT
KOCU420427,HDMUSELM76065500,HDMU,14450329,Tender Accepted,PBIN,FT
KOCU420957,HDMUSGNM97955102,HDMU,14411024,Completed,PBIN,FT
KOCU420972,HDMUSGNM97955103,HDMU,14411025,Completed,PBIN,FT
KOCU421036,HDMUSELM26849500,HDMU,14450322,Tender Accepted,PBIN,FT
KOCU421471,HDMUSGNM07009307,HDMU,14423628,Tender Accepted,PBIN,FT
KOCU421919,HDMUSELM65246913,HDMU,14453759,Tender Accepted,PBIN,FT
KOCU421919,HDMUSELM65246905,HDMU,14453759,Tender Accepted,PBIN,FT
KOCU424364,HDMULCHM34572728,HDMU,14366835,Completed,PBIN,FT
KOCU424738,HDMULCHM3457270C,HDMU,14366836,Completed,PBIN,FT
KOCU425691,HDMULCHM3457270C,HDMU,14374770,Completed,PBIN,FT
KOCU426633,HDMUSELM16605000,HDMU,14440068,Tender Accepted,PBIN,FT
KOCU426725,HDMUSGNM97955103,HDMU,14411026,Completed,PBIN,FT
KOCU426768,HDMULCHM85942200,HDMU,14346663,Completed,PBIN,FT
KOCU426868,HDMUSZPM38909600,HDMU,14446850,Tender Accepted,PBIN,FT
KOCU427861,HDMUKULM89052400,HDMU,14425287,Completed,PBIN,FT
KOCU428352,HDMULCHM43947000,HDMU,14391781,Completed,PBIN,FT
KOCU430198,HDMUSELM65246906,HDMU,14453830,Tender Accepted,PBIN,FT
KOCU430198,HDMUSELM65246915,HDMU,14453830,Tender Accepted,PBIN,FT
KOCU430352,HDMUSGNM97955101,HDMU,14411020,Completed,PBIN,FT
KOCU430795,HDMULCHM85942200,HDMU,14367471,Completed,PBIN,FT
KOCU430867,HDMULCHM39989100,HDMU,14367261,Completed,PBIN,FT
KOCU430881,HDMULCHM53437001,HDMU,0,,,
KOCU430938,HDMUSGNM79013411,HDMU,14423434,Tender Accepted,PBIN,FT
KOCU431038,HDMULCHM34572708,HDMU,14375533,Completed,PBIN,FT
KOCU431116,HDMUSHAM24086100,HDMU,14415192,Completed,PBIN,FT
KOCU431561,HDMULCHM31791300,HDMU,14366837,Completed,PBIN,FT
KOCU434071,HDMULCHM84032801,HDMU,14346664,Completed,PBIN,FT
KOCU434397,HDMULCHM34572768,HDMU,14346665,Completed,PBIN,FT
KOCU436004,HDMULCHM19581100,HDMU,14391782,Completed,PBIN,FT
KOCU436042,HDMULCHM34572758,HDMU,14346666,Completed,PBIN,FT
KOCU436577,HDMULCHM34572708,HDMU,14378236,Completed,PBIN,FT
KOCU436978,HDMULCHM88713423,HDMU,14423155,Completed,PBIN,FT
KOCU438289,HDMUSZPM25971600,HDMU,14428567,Tender Accepted,PBIN,FT
KOCU438323,HDMULCHM08899000,HDMU,14366838,Completed,PBIN,FT
KOCU438362,HDMULCHM34572748,HDMU,14366861,Completed,PBIN,FT
KOCU438906,HDMUSELM45830210,HDMU,14440069,Tender Accepted,PBIN,FT
KOCU439492,HDMULCHM88713424,HDMU,14423156,Completed,PBIN,FT
KOCU439577,HDMULCHM04296500,HDMU,14391398,In Transit,PBIN,FT
KOCU440549,HDMUSZPM34749500,HDMU,14383449,Planned,PBIN,FT
KOCU440656,HDMULCHM12037100,HDMU,14393779,Completed,PBIN,FT
KOCU440744,HDMUSELM25529500,HDMU,14438886,Tender Accepted,PBIN,FT
KOCU441142,HDMULCHM34572738,HDMU,14366868,Completed,PBIN,FT
KOCU441528,HDMUSZPM72759200,HDMU,14423629,Tender Accepted,PBIN,FT
KOCU441745,HDMUSELM25264500,HDMU,14423154,Completed,PBIN,FT
KOCU442234,HDMULCHM34572728,HDMU,14366933,Completed,PBIN,FT
KOCU442944,HDMULCHM53437002,HDMU,0,,,
KOCU443526,HDMULCHM34572758,HDMU,14378237,Completed,PBIN,FT
KOCU443741,HDMULCHM3457270A,HDMU,14374772,Completed,PBIN,FT
KOCU444787,HDMUSELM36500925,HDMU,14455063,Tender Accepted,PBIN,FT
KOCU444787,HDMUSELM36500916,HDMU,14455063,Tender Accepted,PBIN,FT
KOCU447128,HDMUSELM16496400,HDMU,14437051,Completed,PBIN,FT
KOCU447128,HDMUSELM16496401,HDMU,14437051,Completed,PBIN,FT
KOCU447260,HDMULCHM88713412,HDMU,0,,,
KOCU447460,HDMULCHM34572758,HDMU,14366940,Completed,PBIN,FT
KOCU447997,HDMUSZPM69159500,HDMU,14453374,Tender Accepted,PBIN,FT
KOCU448226,HDMULCHM53024100,HDMU,14391376,In Transit,PBIN,FT
KOCU449247,HDMULCHM68108903,HDMU,14374773,Tender Accepted,PBIN,FT
KOCU449254,HDMULCHM99807000,HDMU,14391377,Tender Accepted,PBIN,FT
KOCU449835,HDMUSELM25264500,HDMU,14437098,Tender Accepted,PBIN,FT
KOCU450286,HDMULCHM88713428,HDMU,14427087,Completed,PBIN,FT
KOCU450396,HDMULCHM34572788,HDMU,14370881,Completed,PBIN,FT
KOCU450624,HDMUSGNM07009304,HDMU,14391227,Completed,PBIN,FT
KOCU450928,HDMUSELM65881500,HDMU,14444587,Tender Accepted,PBIN,FT
KOCU451795,HDMULCHM47786601,HDMU,14378238,Tender Accepted,PBIN,FT
KOCU451971,HDMULCHM88713419,HDMU,0,,,
KOCU453435,HDMULCHM15966100,HDMU,14391783,Completed,PBIN,FT
KOCU453732,HDMULCHM63882900,HDMU,14391761,Completed,PBIN,FT
KOCU456746,HDMUSGNM97955106,HDMU,14411297,Completed,PBIN,FT
KOCU457618,HDMUSZPM42053000,HDMU,14374895,Completed,PBIN,FT
KOCU457640,HDMULCHM66083900,HDMU,14346669,Completed,PBIN,FT
KOCU457841,HDMULCHM34572778,HDMU,14374780,Completed,PBIN,FT
KOCU457947,HDMULCHM34572748,HDMU,14366941,Completed,PBIN,FT
KOCU458073,HDMULCHM40018300,HDMU,14374781,Completed,PBIN,FT
KOCU458480,HDMULCHM08899000,HDMU,14346890,Completed,PBIN,FT
KOCU459455,HDMULCHM85942200,HDMU,14366942,Completed,PBIN,FT
KOCU459551,HDMUSGNM79013407,HDMU,14446842,Tender Accepted,PBIN,FT
KOCU460502,HDMULCHM40018300,HDMU,14346891,Completed,PBIN,FT
KOCU461550,HDMULCHM66083900,HDMU,14346892,Completed,PBIN,FT
KOCU462884,HDMULCHM34572708,HDMU,14375246,Completed,PBIN,FT
KOCU463101,HDMULCHM3457270E,HDMU,14374782,Completed,PBIN,FT
KOCU463306,HDMUSGNM07009311,HDMU,14401462,Completed,PBIN,FT
KOCU463306,HDMUSGNM07009311,HDMU,14401462,Completed,PBIN,FT
KOCU463442,HDMULCHM10594600,HDMU,14378239,Completed,PBIN,FT
KOCU464152,HDMULCHM40018300,HDMU,14378260,Completed,PBIN,FT
KOCU465173,HDMUSZPM14560300,HDMU,14388879,Completed,PBIN,FT
KOCU465218,HDMULCHM34572778,HDMU,14346893,Completed,PBIN,FT
KOCU466488,HDMUSELM47692400,HDMU,14394912,Tender Accepted,PBIN,FT
KOCU466705,HDMULCHM34572748,HDMU,14370882,Completed,PBIN,FT
KOCU467001,HDMULCHM34572778,HDMU,14370883,Completed,PBIN,FT
KOCU467120,HDMUSGNM97955105,HDMU,14411234,Completed,PBIN,FT
KOCU467188,HDMUSGNM79013408,HDMU,14444681,Tender Accepted,PBIN,FT
KOCU467377,HDMULCHM34572728,HDMU,14375247,Completed,PBIN,FT
KOCU467767,HDMUSGNM07009304,HDMU,14402695,Completed,PBIN,FT
KOCU467844,HDMUSELM01881600,HDMU,14443738,Tender Accepted,PBIN,FT
KOCU468585,HDMULCHM91151301,HDMU,14366944,Completed,PBIN,FT
KOCU469052,HDMULCHM10292700,HDMU,14391784,Completed,PBIN,FT
KOCU469345,HDMUSELM33172102,HDMU,14438887,Tender Accepted,PBIN,FT
KOCU469611,HDMULCHM34572788,HDMU,14366945,Completed,PBIN,FT
KOCU469627,HDMUSELM65881500,HDMU,14439181,Tender Accepted,PBIN,FT
KOCU470759,HDMULCHM90191200,HDMU,14374784,Tender Accepted,PBIN,FT
KOCU471238,HDMULCHM87144100,HDMU,14346894,Completed,PBIN,FT
KOCU472460,HDMUSHAM27024100,HDMU,14444630,Tender Accepted,PBIN,FT
KOCU473798,HDMULCHM48714900,HDMU,14367262,Completed,PBIN,FT
KOCU473900,HDMUSZPM50590800,HDMU,14446846,Tender Accepted,PBIN,FT
KOCU475076,HDMUSZPM51946300,HDMU,14415933,Tender Accepted,PBIN,FT
KOCU475099,HDMULCHM23694900,HDMU,14374786,Completed,PBIN,FT
KOCU475881,HDMULCHM19187100,HDMU,14346895,Tender Accepted,PBIN,FT
KOCU476698,HDMULCHM08899000,HDMU,14378630,Completed,PBIN,FT
KOCU479366,HDMUSELM08782901,HDMU,14436798,Tender Accepted,PBIN,FT
KOCU479945,HDMULCHM34572768,HDMU,14346896,Completed,PBIN,FT
KOCU480406,HDMUKULM97669700,HDMU,14428569,Tender Accepted,PBIN,FT
KOCU481160,HDMUSGNM07009303,HDMU,14391228,Completed,PBIN,FT
KOCU481658,HDMULCHM32782800,HDMU,14391785,Completed,PBIN,FT
KOCU482635,HDMULCHM34572728,HDMU,14367472,Completed,PBIN,FT
KOCU483090,HDMULCHM34572718,HDMU,14367473,Completed,PBIN,FT
KOCU483095,HDMUSELM01881600,HDMU,14443818,Tender Accepted,PBIN,FT
KOCU483375,HDMULCHM34572758,HDMU,14374788,Completed,PBIN,FT
KOCU483742,HDMULCHM34572718,HDMU,14381633,Completed,PBIN,FT
KOCU484000,HDMUKULM36554300,HDMU,14406724,Completed,PBIN,FT
KOCU484523,HDMULCHM34572778,HDMU,14374789,Completed,PBIN,FT
KOCU484658,HDMULCHM88713431,HDMU,14449902,Tender Accepted,PBIN,FT
KOCU484750,HDMUSGNM97955104,HDMU,14440425,Tender Accepted,PBIN,FT
KOCU485406,HDMULCHM59184300,HDMU,14391378,Tender Accepted,PBIN,FT
KOCU485844,HDMULCHM85942200,HDMU,14375248,Completed,PBIN,FT
KOCU486540,HDMUKULM36554300,HDMU,14406725,Completed,PBIN,FT
KOCU486789,HDMULCHM08899000,HDMU,14378261,Completed,PBIN,FT
KOCU486862,HDMUSGNM97955105,HDMU,14411235,Completed,PBIN,FT
KOCU487037,HDMULCHM85942200,HDMU,14375249,Completed,PBIN,FT
KOCU487077,HDMUSELM08782901,HDMU,14436799,Tender Accepted,PBIN,FT
KOCU487081,HDMUSELM02584300,HDMU,14440630,Tender Accepted,PBIN,FT
KOCU487417,HDMULCHM34572778,HDMU,14374815,Completed,PBIN,FT
KOCU487889,HDMULCHM02549900,HDMU,14375534,In Transit,PBIN,FT
KOCU487935,HDMUSGNM97955104,HDMU,14440426,Tender Accepted,PBIN,FT
KOCU488214,HDMULCHM10594600,HDMU,14374822,Completed,PBIN,FT
KOCU488927,HDMULCHM08899000,HDMU,14375535,Completed,PBIN,FT
KOCU489157,HDMULCHM3457270C,HDMU,14374826,Completed,PBIN,FT
KOCU489995,HDMUSELM01881600,HDMU,14443929,Tender Accepted,PBIN,FT
KOCU490778,HDMULCHM24569600,HDMU,14374827,Tender Accepted,PBIN,FT
KOCU491294,HDMUSELM25264500,HDMU,14444180,Tender Accepted,PBIN,FT
KOCU492447,HDMUSGNM97955105,HDMU,14411236,Completed,PBIN,FT
KOCU492467,HDMULCHM3457270C,HDMU,14374828,Completed,PBIN,FT
KOCU493089,HDMUSGNM97955105,HDMU,14411237,Completed,PBIN,FT
KOCU493545,HDMULCHM34572768,HDMU,14346897,Completed,PBIN,FT
KOCU493963,HDMUSGNM79013407,HDMU,14446844,Tender Accepted,PBIN,FT
KOCU494518,HDMULCHM34572738,HDMU,14374829,Completed,PBIN,FT
KOCU494624,HDMULCHM3457270A,HDMU,14370885,Completed,PBIN,FT
KOCU495182,HDMUSGNM07009302,HDMU,14423810,Tender Accepted,PBIN,FT
KOCU495365,HDMULCHM69429300,HDMU,14374830,Tender Accepted,PBIN,FT
KOCU495906,HDMULCHM34572778,HDMU,14367263,Completed,PBIN,FT
KOCU496066,HDMULCHM35162100,HDMU,14378262,Tender Accepted,PBIN,FT
KOCU496126,HDMULCHM3457270C,HDMU,14367264,Completed,PBIN,FT
KOCU498083,HDMULCHM40018300,HDMU,14375260,Completed,PBIN,FT
KOCU498349,HDMULCHM43232500,HDMU,14391786,Completed,PBIN,FT
KOCU498525,HDMULCHM53437000,HDMU,0,,,
KOCU498643,HDMULCHM34572758,HDMU,14366946,Completed,PBIN,FT
KOCU500179,HDMUSELM65246904,HDMU,14450320,Tender Accepted,PBIN,FT
KOCU500179,HDMUSELM65246914,HDMU,14450320,Tender Accepted,PBIN,FT
KOCU500350,HDMULCHM80301200,HDMU,14346898,Tender Accepted,PBIN,FT
KOCU500559,HDMUSELM01881600,HDMU,14436781,Tender Accepted,PBIN,FT
KOCU500795,HDMUSELM25264500,HDMU,14444367,Tender Accepted,PBIN,FT
KOCU500818,HDMUSELM25264500,HDMU,14427084,Completed,PBIN,FT
KOCU501170,HDMUSELM25264500,HDMU,14438885,Tender Accepted,PBIN,FT
KOCU501809,HDMUSGNM79013410,HDMU,14427372,Tender Accepted,PBIN,FT
KOCU501809,HDMUSGNM79013410,HDMU,14427372,Tender Accepted,PBIN,FT
KOCU502248,HDMULCHM08426200,HDMU,14391787,Completed,PBIN,FT
KOCU502310,HDMULCHM00247900,HDMU,14378264,Tender Accepted,PBIN,FT
KOCU502609,HDMULCHM34572708,HDMU,14374831,Completed,PBIN,FT
KOCU503157,HDMULCHM15989600,HDMU,14391379,Tender Accepted,PBIN,FT
KOCU503350,HDMUSGNM97955105,HDMU,14411239,Completed,PBIN,FT
KOCU503636,HDMULCHM26164200,HDMU,14367265,Completed,PBIN,FT
KOCU504561,HDMULCHM55345700,HDMU,14391788,Completed,PBIN,FT
KOCU505709,HDMULCHM23694900,HDMU,14366947,Completed,PBIN,FT
KOCU506135,HDMULCHM3457270C,HDMU,14374832,Completed,PBIN,FT
KOCU507104,HDMUSGNM79013401,HDMU,14444632,Tender Accepted,PBIN,FT
KOCU507438,HDMULCHM88713410,HDMU,14450729,Tender Accepted,PBIN,FT
KOCU508525,HDMUSELM65881514,HDMU,14431067,Completed,PBIN,FT
KOCU508525,HDMUSELM65881547,HDMU,14431067,Completed,PBIN,FT
KOCU509809,HDMUSZPM34749500,HDMU,14383451,Tender Accepted,PBIN,FT
KOCU510269,HDMULCHM40018300,HDMU,14377054,Completed,PBIN,FT
KOCU511753,HDMULCHM73486100,HDMU,14371881,Tender Accepted,PBIN,FT
KOCU511888,HDMUSGNM07009307,HDMU,14423811,Tender Accepted,PBIN,FT
KOCU511932,HDMUSGNM97955105,HDMU,14411290,Completed,PBIN,FT
KOCU512681,HDMULCHM85942200,HDMU,14371882,Completed,PBIN,FT
KOCU512848,HDMUSELM57282400,HDMU,14439179,Tender Accepted,PBIN,FT
KOCU513172,HDMUSGNM97955104,HDMU,14411028,Completed,PBIN,FT
KOCU513172,HDMUSGNM97955104,HDMU,14411028,Completed,PBIN,FT
KOCU513220,HDMUSGNM97955105,HDMU,14411291,Completed,PBIN,FT
KOCU513623,HDMUSGNM79013401,HDMU,14444637,Tender Accepted,PBIN,FT
KOCU513697,HDMUSGNM97955106,HDMU,14411298,Completed,PBIN,FT
KOCU513886,HDMULCHM08899000,HDMU,14374833,Completed,PBIN,FT
KOCU514018,HDMUSGNM97955105,HDMU,14411292,Completed,PBIN,FT
KOCU515291,HDMULCHM34572788,HDMU,14346899,Completed,PBIN,FT
KOCU516251,HDMUSZPM29061900,HDMU,14411587,Completed,PBIN,FT
KOCU516666,HDMULCHM34572708,HDMU,14381634,Completed,PBIN,FT
KOCU517866,HDMUSGNM97955103,HDMU,14411027,Completed,PBIN,FT
KOCU518247,HDMUKULM38278700,HDMU,14440632,Tender Accepted,PBIN,FT
KOCU518776,HDMULCHM3457270A,HDMU,14371883,Completed,PBIN,FT
KOCU519481,HDMUSGNM79013409,HDMU,14423433,Completed,PBIN,FT
KOCU519946,HDMUSGNM79013403,HDMU,14423431,Completed,PBIN,FT
KOCU520108,HDMULCHM23694900,HDMU,14366948,Completed,PBIN,FT
KOCU520691,HDMUSELM08782901,HDMU,14427085,Completed,PBIN,FT
KOCU520736,HDMULCHM34572778,HDMU,14374834,Completed,PBIN,FT
KOCU521978,HDMULCHM23694900,HDMU,14366949,Completed,PBIN,FT
KOCU522335,HDMUSELM16605000,HDMU,14444028,Tender Accepted,PBIN,FT
KOCU522847,HDMULCHM3457270E,HDMU,14347070,Completed,PBIN,FT
KOCU523160,HDMULCHM34572708,HDMU,14378265,Completed,PBIN,FT
KOCU523819,HDMULCHM34572728,HDMU,14347071,Completed,PBIN,FT
KOCU524016,HDMULCHM34572758,HDMU,14366960,Completed,PBIN,FT
KOCU524207,HDMUSELM62611200,HDMU,14444585,Tender Accepted,PBIN,FT
KOCU524743,HDMUSELM93329210,HDMU,14450522,Tender Accepted,PBIN,FT
KOCU525505,HDMULCHM01941900,HDMU,14391763,In Transit,PBIN,FT
KOCU525690,HDMULCHM34572748,HDMU,14366961,Completed,PBIN,FT
KOCU525711,HDMULCHM88713429,HDMU,14449900,Tender Accepted,PBIN,FT
MOTU581661,ONEYSZPBAK432303,ONEY,14401464,Completed,PBIN,FT
MOTU672120,ONEYSZPBBH047500,ONEY,14401952,Completed,PBIN,FT
MRKU229893,MAEUS00587869,MAEU,14449030,Tender Accepted,PBIN,FT
MRKU418474,MAEUS00587865,MAEU,14458651,Tender Accepted,PBIN,FT
MRKU451269,MAEUS00563369,MAEU,14445384,In Transit,PBIN,FT
MRKU569219,MAEUS00563351,MAEU,14418968,Tender Accepted,PBIN,FT
MRSU458406,215859209,MAEU,14461313,Tender Accepted,PBIN,FT
MRSU458406,215859209,MAEU,14461313,Tender Accepted,PBIN,FT
MSKU035172,MAEUS00587870,MAEU,14449031,Tender Accepted,PBIN,FT
MSKU045314,MAEUS00563350,MAEU,14445386,Tender Accepted,PBIN,FT
MSKU099364,MAEUS00587867,MAEU,14449032,Tender Accepted,PBIN,FT
MSKU116381,MAEUS00563359,MAEU,14445544,In Transit,PBIN,FT
MSKU173811,MAEUS00563358,MAEU,14445545,Tender Accepted,PBIN,FT
MSKU946336,MAEUS00563360,MAEU,14418969,Tender Accepted,PBIN,FT
NYKU073936,ONEYSELC24682701,ONEY,14459823,Tender Accepted,PBIN,FT
NYKU074206,ONEYSZPBZ4419304,ONEY,14388875,Completed,PBIN,FT
NYKU075868,ONEYLCBC01831900,ONEY,14425298,Completed,PBIN,FT
NYKU082711,ONEYPKGC02016300,ONEY,14428440,Completed,PBIN,FT
NYKU432798,ONEYSZPC06467803,ONEY,14425274,Completed,PBIN,FT
NYKU435329,ONEYSZPBAK432304,ONEY,14439604,Completed,PBIN,FT
NYKU480368,ONEYSZPBW7716303,ONEY,14381381,Completed,PBIN,FT
NYKU488276,ONEYHANB90903600,ONEY,14429845,Tender Accepted,PBIN,FT
NYKU492181,ONEYSGNBCH926900,ONEY,14390956,Completed,PBIN,FT
NYKU495441,ONEYLCBC01831900,ONEY,14446820,Tender Accepted,PBIN,FT
NYKU515619,ONEYSELC24682706,ONEY,14459826,Tender Accepted,PBIN,FT
NYKU515619,ONEYSELC24682704,ONEY,14459826,Tender Accepted,PBIN,FT
NYKU518159,ONEYSZPBAK433404,ONEY,14439754,Completed,PBIN,FT
NYKU519225,ONEYHANC00748500,ONEY,14440062,Completed,PBIN,FT
NYKU519503,ONEYSZPC06467801,ONEY,14425275,Completed,PBIN,FT
NYKU524187,ONEYLCBC01831900,ONEY,14425297,Completed,PBIN,FT
NYKU526099,ONEYSELBF9959807,ONEY,14421692,Tender Accepted,PBIN,FT
NYKU527947,ONEYLCBC01831900,ONEY,14425296,Completed,PBIN,FT
ONEU000194,ONEYSZPC06470901,ONEY,14425270,Completed,PBIN,FT
ONEU002272,ONEYLCBC01823300,ONEY,14431709,Tender Accepted,PBIN,FT
ONEU004066,ONEYLCBC01829900,ONEY,14425292,Completed,PBIN,FT
ONEU004309,ONEYLCBC01732900,ONEY,14432216,Tender Accepted,PBIN,FT
ONEU012110,ONEYSZPBX1457701,ONEY,14357458,Completed,PBIN,FT
ONEU019996,ONEYSGNBCH926900,ONEY,14390957,Completed,PBIN,FT
OOCU694862,COSU6321103420,COSU,0,,,
OOCU712699,COSU6323303692,COSU,14416685,Tender Accepted,PBIN,FT
OOCU799576,COSU6321847410,COSU,14451004,Tender Accepted,PBIN,FT
OOCU826163,COSU6321078290,COSU,14440066,Completed,PBIN,FT
OOLU683907,COSU6321102310,COSU,0,,,
OOLU859984,COSU6321102310,COSU,14453371,Tender Accepted,PBIN,FT
OOLU879782,COSU6321102310,COSU,14449832,Tender Accepted,PBIN,FT
OOLU911025,COSU6323458181,COSU,14397267,Completed,PBIN,FT
OOLU947158,COSU6321835410,COSU,14440633,Tender Accepted,PBIN,FT
OOLU959192,COSU6323458183,COSU,14449159,Tender Accepted,PBIN,FT
PONU811316,MAEUS00587857,MAEU,14449034,Tender Accepted,PBIN,FT
RFCU507080,HDMUSELM70083900,HDMU,14439182,Tender Accepted,PBIN,FT
SEGU447483,ONEYSZPBBG965604,ONEY,14421693,Tender Accepted,PBIN,FT
SEGU482836,THD0880158G,CMDU,14445546,Tender Accepted,PBIN,FT
SEGU488772,COSU6324551850,COSU,14429848,Tender Accepted,PBIN,FT
SEGU489215,CMDUGGZ1627191,CMDU,14440393,Tender Accepted,PBIN,FT
SEGU569556,HDMULCHM10594600,HDMU,14378267,Completed,PBIN,FT
SEGU579312,HDMULCHM34572738,HDMU,14366962,Completed,PBIN,FT
SEGU580149,HDMUSZPM10659700,HDMU,14439756,Completed,PBIN,FT
SEGU582935,HDMULCHM91442400,HDMU,14391764,Completed,PBIN,FT
SEGU584731,HDMULCHM68108900,HDMU,14347072,Completed,PBIN,FT
SEGU585065,HDMUSGNM07009303,HDMU,14391330,Completed,PBIN,FT
SEGU585217,HDMULCHM00882200,HDMU,14391789,Completed,PBIN,FT
SEGU585680,ONEYSZPBW8273901,ONEY,14383533,Completed,PBIN,FT
SEGU603154,HDMULCHM47432300,HDMU,14391940,Completed,PBIN,FT
SEGU603313,HDMUSZPM60456400,HDMU,14415935,Completed,PBIN,FT
SEGU604199,HDMUSELM84840000,HDMU,14431069,Completed,PBIN,FT
SEGU604224,HDMULCHM60536700,HDMU,14391381,In Transit,PBIN,FT
SEGU698450,COSU6324551850,COSU,14446828,Tender Accepted,PBIN,FT
SEKU434833,THD0880158C,CMDU,14445547,Tender Accepted,PBIN,FT
SEKU449351,THD0880156C,CMDU,14445549,In Transit,PBIN,FT
SEKU453070,THD0872215,CMDU,14449934,In Transit,PBIN,FT
SEKU460694,MAEUS00563368,MAEU,14419440,Tender Accepted,PBIN,FT
SMCU126025,SHSB1JB39100,SMLM,14401199,Completed,PBIN,FT
SUDU697241,MAEUS00563373,MAEU,14419441,Tender Accepted,PBIN,FT
TCKU609011,HDMUSELM45830200,HDMU,14444567,Tender Accepted,PBIN,FT
TCKU610886,HDMULCHM34572758,HDMU,14347074,Completed,PBIN,FT
TCKU611791,HDMULCHM34572718,HDMU,14378277,Completed,PBIN,FT
TCKU622974,THD0880169A,CMDU,14439332,Tender Accepted,PBIN,FT
TCKU629482,THD0880169F,CMDU,14439334,Tender Accepted,PBIN,FT
TCKU635200,AYN0885962,CMDU,14424986,Completed,PBIN,FT
TCKU637729,THD0880167,CMDU,14439360,Tender Accepted,PBIN,FT
TCKU705945,THD0880156A,CMDU,14445560,Tender Accepted,PBIN,FT
TCKU752088,MAEUS00587863,MAEU,14449036,Tender Accepted,PBIN,FT
TCKU766399,COSU6324551850,COSU,14429838,Tender Accepted,PBIN,FT
TCKU776921,THD0880166,CMDU,14439363,Tender Accepted,PBIN,FT
TCLU158278,COSU6323458185,COSU,14397269,Completed,PBIN,FT
TCLU158754,ONEYLCBC01831900,ONEY,14425295,Completed,PBIN,FT
TCLU165253,ONEYLCBC01831900,ONEY,14425294,Completed,PBIN,FT
TCLU180136,THD0880156B,CMDU,14445561,Tender Accepted,PBIN,FT
TCLU461735,ONEYSZPC06470902,ONEY,14440065,Completed,PBIN,FT
TCLU491333,ONEYPKGB97759900,ONEY,14439757,Completed,PBIN,FT
TCLU505724,CMDUSEL1309543,CMDU,14358640,Completed,PBIN,FT
TCLU513377,ONEYSELC24682700,ONEY,14459601,Tender Accepted,PBIN,FT
TCLU558975,HDMULCHM40018300,HDMU,14378631,Completed,PBIN,FT
TCLU624045,ONEYSELBF9959806,ONEY,14421694,Tender Accepted,PBIN,FT
TCLU626463,THD0880158E,CMDU,14445563,Tender Accepted,PBIN,FT
TCLU629496,HDMULCHM34572768,HDMU,14366963,Completed,PBIN,FT
TCLU637226,ONEYLCBC01822900,ONEY,14432319,Tender Accepted,PBIN,FT
TCLU637931,ONEYPKGB97319800,ONEY,14445564,In Transit,PBIN,FT
TCLU644572,ONEYSZPC06467800,ONEY,14425276,Completed,PBIN,FT
TCLU647943,ONEYSZPC06470903,ONEY,14425271,Completed,PBIN,FT
TCLU673378,ONEYLCBC01828800,ONEY,14425293,Completed,PBIN,FT
TCLU817202,HDMUSELM08782900,HDMU,14436793,Tender Accepted,PBIN,FT
TCLU832244,ONEYSZPC06467802,ONEY,14440063,Completed,PBIN,FT
TCLU837878,ONEYSZPC06462304,ONEY,14425283,Completed,PBIN,FT
TCLU846529,ONEYLCBC01831900,ONEY,14446826,Completed,PBIN,FT
TCLU864477,SGN1430498,CMDU,14449935,Tender Accepted,PBIN,FT
TCLU882351,ONEYPKGB97257900,ONEY,14402697,Completed,PBIN,FT
TCLU890438,ONEYSELC24682700,ONEY,14459604,Tender Accepted,PBIN,FT
TCLU892162,ONEYSELC24682700,ONEY,14459606,Tender Accepted,PBIN,FT
TCLU894450,HDMULCHM77375100,HDMU,14375536,In Transit,PBIN,FT
TCLU946413,ONEYLCBC01831900,ONEY,14446825,Completed,PBIN,FT
TCLU946539,ONEYSZPBZ0518600,ONEY,14429843,Tender Accepted,PBIN,FT
TCLU955928,ONEYSZPBAK432302,ONEY,14432318,Tender Accepted,PBIN,FT
TCLU969434,ONEYSELC24682700,ONEY,14453379,Tender Accepted,PBIN,FT
TCNU169817,HDMULCHM23694900,HDMU,14366964,Completed,PBIN,FT
TCNU170091,HDMULCHM3457270C,HDMU,14366965,Completed,PBIN,FT
TCNU176680,HDMUSZPM71753600,HDMU,14389250,Completed,PBIN,FT
TCNU176723,HDMULCHM71269900,HDMU,14358240,Tender Accepted,PBIN,FT
TCNU199667,ONEYSZPBX5500704,ONEY,14386796,In Transit,PBIN,FT
TCNU369786,COSU6324739602,COSU,14442968,Tender Accepted,PBIN,FT
TCNU410339,ONEYSELC24682700,ONEY,14459607,Tender Accepted,PBIN,FT
TCNU411887,ONEYSZPC10151700,ONEY,14446845,Tender Accepted,PBIN,FT
TCNU413086,HDMULCHM88713415,HDMU,14431288,In Transit,PBIN,FT
TCNU426657,ONEYLCBC01824400,ONEY,14432317,Tender Accepted,PBIN,FT
TCNU436470,ONEYSZPC06462302,ONEY,14453372,Tender Accepted,PBIN,FT
TCNU441163,ONEYSELBF9959808,ONEY,14421695,Tender Accepted,PBIN,FT
TCNU443473,ONEYLCBC01815400,ONEY,14432316,Tender Accepted,PBIN,FT
TCNU454546,HDMUSZPM16796500,HDMU,14411588,Completed,PBIN,FT
TCNU486238,ONEYSZPBW8273901,ONEY,14383535,Completed,PBIN,FT
TCNU504268,HDMUSELM01881600,HDMU,14444023,Tender Accepted,PBIN,FT
TCNU508774,HDMULCHM10986400,HDMU,14366966,Completed,PBIN,FT
TCNU562335,ONEYSELBF9959801,ONEY,14421696,Tender Accepted,PBIN,FT
TCNU570720,HDMUSELM31644400,HDMU,14453757,Tender Accepted,PBIN,FT
TCNU574323,ONEYSZPBZ4419300,ONEY,14394692,Completed,PBIN,FT
TCNU587433,ONEYSZPC10229600,ONEY,14446827,Tender Accepted,PBIN,FT
TCNU592580,ONEYLCBC01831900,ONEY,14446824,Completed,PBIN,FT
TCNU594553,ONEYSELBF9959809,ONEY,14421697,Tender Accepted,PBIN,FT
TCNU598921,ONEYLCBC01831900,ONEY,14446823,Completed,PBIN,FT
TCNU623184,HDMULCHM40018300,HDMU,14347075,Completed,PBIN,FT
TCNU651245,HDMUSHAM31067800,HDMU,14415194,Completed,PBIN,FT
TCNU677411,HDMUSHAM24628100,HDMU,14432945,Tender Accepted,PBIN,FT
TCNU687409,HDMULCHM34572748,HDMU,14366967,Completed,PBIN,FT
TCNU696632,HDMULCHM10594600,HDMU,14378278,Completed,PBIN,FT
TCNU703735,HDMUSELM01881600,HDMU,14444024,Tender Accepted,PBIN,FT
TCNU715906,ONEYSELBF9959800,ONEY,14414297,Completed,PBIN,FT
TCNU723695,HDMULCHM36732700,HDMU,14391941,Completed,PBIN,FT
TCNU740423,HDMUSELM11942900,HDMU,14402892,Tender Accepted,PBIN,FT
TCNU743468,ONEYSZPBAK433401,ONEY,14432315,Tender Accepted,PBIN,FT
TCNU747235,ONEYSELC24682700,ONEY,14459608,Tender Accepted,PBIN,FT
TCNU747762,HDMUSELM25264500,HDMU,14437210,Tender Accepted,PBIN,FT
TCNU771217,HDMUSELM84255600,HDMU,14402893,Tender Accepted,PBIN,FT
TCNU790346,HDMULCHM40018300,HDMU,14378421,Completed,PBIN,FT
TCNU849711,MAEUS00563356,MAEU,14419442,Tender Accepted,PBIN,FT
TCNU852452,HDMULCHM88713406,HDMU,14450745,Tender Accepted,PBIN,FT
TCNU895128,ONEYSZPC06467804,ONEY,14425273,Completed,PBIN,FT
TCNU908072,ONEYSELBF9959802,ONEY,14414363,Tender Accepted,PBIN,FT
TCNU948719,ONEYSELBF9959805,ONEY,14421699,Tender Accepted,PBIN,FT
TCNU979319,CMDUSEL1307358,CMDU,14418967,Tender Accepted,PBIN,FT
TEMU605388,COSU6324887626,COSU,14415268,Tender Accepted,EDFF,FT
TEMU618035,MAEUS00587855,MAEU,14449150,Tender Accepted,PBIN,FT
TEMU642475,COSU6321078290,COSU,14440869,Tender Accepted,PBIN,FT
TEMU725285,HDMUSELM25264500,HDMU,14437211,Tender Accepted,PBIN,FT
TEMU822661,ONEYSELC24682703,ONEY,14459825,Tender Accepted,PBIN,FT
TEMU822661,ONEYSELC24682705,ONEY,14459825,Tender Accepted,PBIN,FT
TEMU857598,ONEYLCBC01730700,ONEY,14432314,Tender Accepted,PBIN,FT
TEMU886250,ONEYSZPBAK433400,ONEY,14432313,Tender Accepted,PBIN,FT
TGBU428565,ONEYSGNC14057600,ONEY,14425277,Completed,PBIN,FT
TGBU440373,ONEYPKGC02279700,ONEY,14427968,Tender Accepted,PBIN,FT
TGBU440567,ONEYSZPC06462301,ONEY,14453373,Tender Accepted,PBIN,FT
TGBU447450,ONEYSZPBX1457700,ONEY,14365302,Completed,PBIN,FT
TGBU453307,ONEYSZPBW7331300,ONEY,14381382,Completed,PBIN,FT
TGBU517925,ONEYPKGC02010400,ONEY,14427967,Tender Accepted,PBIN,FT
TGBU518935,ONEYSELC24682701,ONEY,14459824,Tender Accepted,PBIN,FT
TGBU530070,ONEYSGNC14057600,ONEY,14416681,Completed,PBIN,FT
TGBU588654,HDMULCHM3457270A,HDMU,14374836,Completed,PBIN,FT
TGBU588739,HDMUSZPM38909600,HDMU,14446849,Tender Accepted,PBIN,FT
TGBU622260,HDMULCHM04641400,HDMU,14366968,Completed,PBIN,FT
TGBU633595,HDMUSELM56273300,HDMU,14438888,Tender Accepted,PBIN,FT
TGBU635877,HDMULCHM34572718,HDMU,14366969,Completed,PBIN,FT
TGBU635992,HDMULCHM50960101,HDMU,14391383,In Transit,PBIN,FT
TGBU636082,HDMULCHM83622800,HDMU,14391765,In Transit,PBIN,FT
TGBU646735,HDMUKULM89052400,HDMU,14425286,Completed,PBIN,FT
TGBU647175,HDMULCHM34572728,HDMU,14366980,Completed,PBIN,FT
TGBU647800,HDMUSELM01881600,HDMU,14444027,Tender Accepted,PBIN,FT
TGBU648061,HDMUSELM78255300,HDMU,14450520,Tender Accepted,PBIN,FT
TGBU654853,THD0880169E,CMDU,14439379,Tender Accepted,PBIN,FT
TGBU795971,COSU6323573756,COSU,14415269,Tender Accepted,PBIN,FT
TGBU894409,COSU6321835419,COSU,14440636,Tender Accepted,PBIN,FT
TGBU968732,ONEYSZPC06470900,ONEY,14425272,Completed,PBIN,FT
TGBU984476,ONEYSZPBBH047501,ONEY,14401953,Completed,PBIN,FT
TGCU019933,ONEYSZPBX1461900,ONEY,14424983,Completed,PBIN,FT
TGHU623173,COSU6324739605,COSU,14431064,Tender Accepted,PBIN,FT
TGHU895818,AYN0885962,CMDU,14424985,Completed,PBIN,FT
TGHU933130,MAEUS00563353,MAEU,14419443,Tender Accepted,PBIN,FT
TLLU420585,ONEYSELC24682700,ONEY,14459609,Tender Accepted,PBIN,FT
TLLU452130,THD0872215,CMDU,14449936,In Transit,PBIN,FT
TLLU455998,ONEYSELBF9959803,ONEY,14422021,Tender Accepted,PBIN,FT
TLLU460938,ONEYPKGC01988600,ONEY,14425288,Completed,PBIN,FT
TLLU482455,ONEYPKGB97362600,ONEY,14439759,Completed,PBIN,FT
TLLU553998,ONEYHANB88699400,ONEY,14446855,Tender Accepted,PBIN,FT
TLLU561669,ONEYLCBC01831900,ONEY,14446822,Completed,PBIN,FT
TLLU562144,ONEYSZPBAK432300,ONEY,14440060,Completed,PBIN,FT
TLLU564093,ONEYLCBC01831900,ONEY,14446821,Completed,PBIN,FT
TLLU566649,ONEYLCBC01734400,ONEY,14432312,Tender Accepted,PBIN,FT
TLLU568162,ONEYSGNC14057600,ONEY,14416680,Completed,PBIN,FT
TLLU572203,ONEYLCBC01725400,ONEY,14432311,Tender Accepted,PBIN,FT
TLLU576827,HDMUSZPM55487800,HDMU,14411589,Completed,PBIN,FT
TLLU577723,HDMUSHAM60127300,HDMU,14451007,Tender Accepted,PBIN,FT
TLLU582152,HDMUSZPM62350900,HDMU,14425278,Completed,PBIN,FT
TLLU772990,THD0872234,CMDU,14449937,In Transit,PBIN,FT
TRHU454044,ONEYHANB88458400,ONEY,14416743,Tender Accepted,PBIN,FT
TRHU454291,ONEYLCBC01711600,ONEY,14432310,Tender Accepted,PBIN,FT
TRHU460470,ONEYHANB94911900,ONEY,14401467,Completed,PBIN,FT
TRHU485207,ONEYPKGC01991701,ONEY,14432411,Tender Accepted,PBIN,FT
TRHU521770,ONEYSELC24682700,ONEY,14459820,Tender Accepted,PBIN,FT
TRHU541096,THD0880172C,CMDU,14439380,Tender Accepted,PBIN,FT
TRHU541523,THD0880158J,CMDU,14447242,Tender Accepted,PBIN,FT
TRHU542147,COSU6324887627,COSU,14417935,Tender Accepted,PBIN,FT
TRHU605842,THD0880168C,CMDU,14439383,Tender Accepted,PBIN,FT
TRHU690471,ONEYSZPBZ0518600,ONEY,14429840,Tender Accepted,PBIN,FT
TRHU693789,ONEYLCBC01727600,ONEY,14432219,Tender Accepted,PBIN,FT
TRHU702865,ONEYLCBC01726500,ONEY,14432218,Tender Accepted,PBIN,FT
TRHU728041,ONEYPKGC01991700,ONEY,14432412,Tender Accepted,PBIN,FT
TRHU739168,ONEYSZPBZ0518600,ONEY,14429842,Tender Accepted,PBIN,FT
TRHU742163,ONEYSZPBBH047504,ONEY,14401954,Completed,PBIN,FT
TRHU798598,THD0880171H,CMDU,14439485,In Transit,PBIN,FT
TRHU802941,THD0880155B,CMDU,14447243,In Transit,PBIN,FT
TRHU837959,ONEYLCBC01728700,ONEY,14432217,Tender Accepted,PBIN,FT
TRHU856731,AYN0913111,CMDU,14447244,In Transit,PBIN,FT
TRLU744932,ONEYHANC00688800,ONEY,14416742,Tender Accepted,PBIN,FT
TRLU760873,ONEYSELC24682700,ONEY,14459821,Tender Accepted,PBIN,FT
UESU455345,MAEUS00587866,MAEU,14453838,Tender Accepted,PBIN,FT
UETU567040,THD0880169D,CMDU,14439488,In Transit,PBIN,FT
UETU568991,COSU6323458180,COSU,14449152,Tender Accepted,PBIN,FT
UETU573944,ONEYSZPBZ4419301,ONEY,14388877,Completed,PBIN,FT
WFHU520060,HDMUSZPM66978400,HDMU,14374896,Completed,PBIN,FT
