"EL_DIV","CARRIER_ID","MPA_CARR_REF","RECNO","PREFIX_CTNR","CONTAINERNO","TERMINAL","ORIG_BILLTOID","EL_PB_BILLTOID","INV_DATE","DUE_DATE","ADJTYPE","PPWK_RECVD","TOBEPAID","ADJAMOUNT","EL_PR","EL_PB","EL_PB_BILL_INFO","EL_NBA","EL_DDP","EL_DD","EL_IDC","EL_ID","EL_TPP","SPAID","SETTCHECK","HOLDSETTS"
"MNR","ACTIOGA","511605",1924210,"SEGU","600530","ATL","SAMSDTX","",7/13/2022,8/12/2022,"MR",7/21/2022,7/21/2022,65.32,65.32,0,"",0,0,0,0,0,0,,"","N"
"PD","APACTX","ADI220700308",1906430,"TCKU","734907","HOU","ONEVA","SAMCA",7/14/2022,8/13/2022,"PD",7/14/2022,7/14/2022,2850,0,2850,"N",0,0,0,0,0,0,,"","N"
"PD","APACTX","ADI220700315",1906438,"TCNU","778796","HOU","ONEVA","SAMCA",7/14/2022,8/13/2022,"PD",7/14/2022,7/14/2022,2850,0,2850,"N",0,0,0,0,0,0,,"","N"
"PD","APACTX","ADI220700316",1906435,"ONEU","027983","HOU","ONEVA","SAMCA",7/14/2022,8/13/2022,"PD",7/14/2022,7/14/2022,2850,0,2850,"N",0,0,0,0,0,0,,"","N"
"PD","APACTX","ADI220700304",1903656,"BEAU","530877","HOU","ONEVA","SAMCA",7/14/2022,8/13/2022,"PD",7/14/2022,7/14/2022,3450,0,3450,"N",0,0,0,0,0,0,,"","N"
"PD","APACTX","ADI220700310",1906432,"GAOU","665069","HOU","ONEVA","SAMCA",7/14/2022,8/13/2022,"PD",7/14/2022,7/14/2022,3000,0,3000,"N",0,0,0,0,0,0,,"","N"
"PD","APACTX","ADI220700307",1906429,"TCNU","686190","HOU","ONEVA","SAMCA",7/14/2022,8/13/2022,"PD",7/14/2022,7/14/2022,3000,0,3000,"N",0,0,0,0,0,0,,"","N"
"PD","APACTX","ADI220700306",1906439,"TCLU","545194","HOU","ONEVA","SAMCA",7/14/2022,8/13/2022,"PD",7/14/2022,7/14/2022,3000,0,3000,"N",0,0,0,0,0,0,,"","N"
"PD","APACTX","ADI220700314",1906437,"TRHU","617227","HOU","ONEVA","SAMCA",7/14/2022,8/13/2022,"PD",7/14/2022,7/14/2022,2850,0,2850,"N",0,0,0,0,0,0,,"","N"
"PD","APACTX","ADI220700309",1906431,"TCLU","459087","HOU","ONEVA","SAMCA",7/14/2022,8/13/2022,"PD",7/14/2022,7/14/2022,3000,0,3000,"N",0,0,0,0,0,0,,"","N"
"PD","APACTX","ADI220700313",1906436,"DRYU","608358","HOU","ONEVA","SAMCA",7/14/2022,8/13/2022,"PD",7/14/2022,7/14/2022,2850,0,2850,"N",0,0,0,0,0,0,,"","N"
"PD","APACTX","ADI220700311",1906433,"NYKU","520796","HOU","ONEVA","SAMCA",7/14/2022,8/13/2022,"PD",7/14/2022,7/14/2022,3000,0,3000,"N",0,0,0,0,0,0,,"","N"
"PD","APACTX","ADI220700312",1906434,"TEMU","873301","HOU","ONEVA","SAMCA",7/14/2022,8/13/2022,"PD",7/14/2022,7/14/2022,2700,0,2700,"N",0,0,0,0,0,0,,"","N"
"PD","APACTX","ADI220700305",1903659,"TRHU","607864","HOU","ONEVA","SAMCA",7/14/2022,8/13/2022,"PD",7/14/2022,7/14/2022,3450,0,3450,"N",0,0,0,0,0,0,,"","N"
"RST","BNSIL","653690008",1921905,"TCKU","634400","MEM","COOPMO","COOPMO",7/21/2022,8/20/2022,"RST",7/21/2022,7/21/2022,2550,0,0,"N",0,0,0,0,0,0,,"","N"
"RST","BNSIL","653687397",1916567,"OOLU","679176","CHI","DJSTXIL","DJSTXIL",7/20/2022,8/19/2022,"RST",7/20/2022,7/20/2022,150,0,0,"N",0,0,0,0,0,0,,"","N"
"RST","BNSIL","653690335",1921914,"FCIU","880222","MEM","COOPMO","COOPMO",7/21/2022,8/20/2022,"RST",7/21/2022,7/21/2022,3000,0,0,"N",0,0,0,0,0,0,,"","N"
"RST","BNSIL","653683747",1924334,"TCNU","584324","MEM","COOPMO","COOPMO",7/18/2022,8/17/2022,"RST",7/19/2022,7/19/2022,525,0,0,"N",0,0,0,0,0,0,,"","N"
"RST","BNSIL","651599008",1916778,"BMOU","585444","CHI","SAMSDTX","SAMSDTX",5/27/2022,6/26/2022,"RST",7/22/2022,7/22/2022,2425,0,0,"N",0,0,0,0,0,0,,"","N"
"RST","BNSIL","651599674",1917309,"OOLU","431732","CHI","ACERCA","ACERCA",5/27/2022,6/26/2022,"RST",7/22/2022,7/22/2022,150,0,0,"N",0,0,0,0,0,0,,"","N"
"RST","BNSIL","651599422",1919418,"CCLU","514895","CHI","ACERCA","ACERCA",5/27/2022,6/26/2022,"RST",7/22/2022,7/22/2022,150,0,0,"N",0,0,0,0,0,0,,"","N"
"RST","BNSIL","653686809",1923366,"OOCU","476076","CHI","ACERCA","ACERCA",7/20/2022,8/19/2022,"RST",7/20/2022,7/20/2022,150,0,0,"N",0,0,0,0,0,0,,"","N"
"RST","BNSIL","651599556",1913581,"FSCU","888362","MEM","COOPMO","COOPMO",5/27/2022,6/26/2022,"RST",7/22/2022,7/22/2022,750,0,0,"N",0,0,0,0,0,0,,"","N"
"RST","BNSIL","651599083",1917312,"CCLU","498064","CHI","ACERCA","ACERCA",5/27/2022,6/26/2022,"RST",7/22/2022,7/22/2022,150,0,0,"N",0,0,0,0,0,0,,"","N"
"RST","BNSIL","651598928",1917337,"TEMU","325316","CHI","ACERCA","ACERCA",5/27/2022,6/26/2022,"RST",7/22/2022,7/22/2022,300,0,0,"N",0,0,0,0,0,0,,"","N"
"RST","BNSIL","653682940",1920146,"BEAU","400050","ATL","SAMSDTX","SAMSDTX",7/18/2022,8/17/2022,"RST",7/19/2022,7/19/2022,2550,0,0,"N",0,0,0,0,0,0,,"","N"
"RST","BNSIL","653687267",1919320,"BMOU","690417","CHI","ARMADPA","ARMADPA",7/20/2022,8/19/2022,"RST",7/20/2022,7/20/2022,150,0,0,"N",0,0,0,0,0,0,,"","N"
"RST","BNSIL","653683334",1924335,"CMAU","709110","MEM","COOPMO","COOPMO",7/18/2022,8/17/2022,"RST",7/19/2022,7/19/2022,525,0,0,"N",0,0,0,0,0,0,,"","N"
"RST","BNSIL","653683794",1924338,"TCLU","186866","MEM","COOPMO","COOPMO",7/18/2022,8/17/2022,"RST",7/19/2022,7/19/2022,525,0,0,"N",0,0,0,0,0,0,,"","N"
"RST","BNSIL","653682778",1924340,"APHU","671324","MEM","COOPMO","COOPMO",7/18/2022,8/17/2022,"RST",7/19/2022,7/19/2022,150,0,0,"N",0,0,0,0,0,0,,"","N"
"RST","BNSIL","653686781",1924719,"OOLU","432996","CHI","ACERCA","ACERCA",7/20/2022,8/19/2022,"RST",7/20/2022,7/20/2022,150,0,0,"N",0,0,0,0,0,0,,"","N"
"RST","BNSIL","653689792",1917726,"EITU","187670","CHI","DJSTXIL","DJSTXIL",7/21/2022,8/20/2022,"RST",7/21/2022,7/21/2022,150,0,0,"N",0,0,0,0,0,0,,"","N"
"RST","BNSIL","653686799",1923997,"OOLU","435571","CHI","ACERCA","ACERCA",7/20/2022,8/19/2022,"RST",7/20/2022,7/20/2022,150,0,0,"N",0,0,0,0,0,0,,"","N"
"RST","BNSIL","653690317",1922076,"MSDU","750131","DAL","SAMSDTX","",7/21/2022,8/20/2022,"RST",7/21/2022,7/21/2022,200,0,0,"",200,0,0,0,0,0,,"","N"
"RST","BNSIL","653687595",1923998,"OOLU","795638","CHI","ACERCA","ACERCA",7/20/2022,8/19/2022,"RST",7/20/2022,7/20/2022,300,0,0,"N",0,0,0,0,0,0,,"","N"
"RST","BNSIL","653682416",1920150,"SEKU","451561","ATL","SAMSDTX","SAMSDTX",7/18/2022,8/17/2022,"RST",7/19/2022,7/19/2022,3225,0,0,"N",0,0,0,0,0,0,,"","N"
"RST","BNSIL","653683184",1919915,"GESU","646559","MEM","COOPMO","COOPMO",7/18/2022,8/17/2022,"RST",7/19/2022,7/19/2022,300,0,0,"N",0,0,0,0,0,0,,"","N"
"RST","BNSIL","651599608",1917313,"OOLU","165821","CHI","ACERCA","ACERCA",5/27/2022,6/26/2022,"RST",7/22/2022,7/22/2022,150,0,0,"N",0,0,0,0,0,0,,"","N"
"RST","BNSIL","653686903",1926531,"OOLU","785991","CHI","ACERCA","ACERCA",7/20/2022,8/19/2022,"RST",7/20/2022,7/20/2022,150,0,0,"N",0,0,0,0,0,0,,"","N"
"RST","BNSIL","653683543",1924336,"CMAU","450806","MEM","COOPMO","COOPMO",7/18/2022,8/17/2022,"RST",7/19/2022,7/19/2022,150,0,0,"N",0,0,0,0,0,0,,"","N"
"RST","BNSIL","653690149",1923993,"OOLU","780760","CHI","ACERCA","ACERCA",7/21/2022,8/20/2022,"RST",7/21/2022,7/21/2022,300,0,0,"N",0,0,0,0,0,0,,"","N"
"RST","BNSIL","653687556",1920887,"TCNU","373170","CHI","DJSTXIL","DJSTXIL",7/20/2022,8/19/2022,"RST",7/20/2022,7/20/2022,150,0,0,"N",0,0,0,0,0,0,,"","N"
"RST","BNSIL","653683931",1921391,"CAIU","488034","DAL","MEDSC","",7/18/2022,8/17/2022,"RST",7/19/2022,7/19/2022,400,0,0,"",400,0,0,0,0,0,,"","N"
"PD","CMAVA","NAIM9617958",1915954,"TCNU","580750","ATL","COOPMO","COOPMO",7/21/2022,8/20/2022,"PD",7/21/2022,7/21/2022,1300,0,1300,"N",0,0,0,0,0,0,,"","N"
"RST","CN","755464876",1926821,"OOLU","444597","CHI","ACERCA","ACERCA",7/21/2022,8/20/2022,"RST",7/21/2022,7/21/2022,150,0,0,"N",0,0,0,0,0,0,,"","N"
"RST","CN","755464398",1921008,"FFAU","183625","MEM","COOPMO","COOPMO",7/21/2022,8/20/2022,"RST",7/21/2022,7/21/2022,750,0,0,"N",0,0,0,0,0,0,,"","N"
"RST","CN","755465100",1926822,"OOLU","769977","CHI","ACERCA","ACERCA",7/21/2022,8/20/2022,"RST",7/21/2022,7/21/2022,150,0,0,"N",0,0,0,0,0,0,,"","N"
"RST","CN","755461911",1917818,"TGHU","606968","MEM","COOPMO","COOPMO",7/20/2022,8/19/2022,"RST",7/20/2022,7/20/2022,300,0,0,"N",0,0,0,0,0,0,,"","N"
"RST","CN","755462236",1917813,"MRKU","386518","MEM","COOPMO","COOPMO",7/20/2022,8/19/2022,"RST",7/20/2022,7/20/2022,300,0,0,"N",0,0,0,0,0,0,,"","N"
"RST","CN","755464102",1917810,"CAAU","570274","MEM","COOPMO","COOPMO",7/20/2022,8/19/2022,"RST",7/20/2022,7/20/2022,300,0,0,"N",0,0,0,0,0,0,,"","N"
"RST","CN","755465078",1921006,"NYKU","424174","MEM","COOPMO","COOPMO",7/21/2022,8/20/2022,"RST",7/21/2022,7/21/2022,750,0,0,"N",0,0,0,0,0,0,,"","N"
"RST","CN","755465321",1921007,"DFSU","688439","MEM","COOPMO","COOPMO",7/21/2022,8/20/2022,"RST",7/21/2022,7/21/2022,300,0,0,"N",0,0,0,0,0,0,,"","N"
"RST","CN","755464646",1926839,"OOCU","481402","CHI","ACERCA","ACERCA",7/21/2022,8/20/2022,"RST",7/21/2022,7/21/2022,150,0,0,"N",0,0,0,0,0,0,,"","N"
"RST","CN","755466495",1925978,"FCIU","983934","CHI","PEGASTX","PEGASTX",7/21/2022,8/20/2022,"RST",7/21/2022,7/21/2022,150,0,0,"N",0,0,0,0,0,0,,"","N"
"PD","COSCNJ","HOU00213320",1913674,"CCLU","716390","CHI","COOPMO","COOPMO",7/6/2022,8/5/2022,"PD",7/6/2022,7/6/2022,1080,0,1080,"N",0,0,0,0,0,0,,"","N"
"PD","COSCNJ","HOU00207959",1915848,"OOCU","894361","SAV","HECNY","",7/6/2022,8/5/2022,"PD",7/6/2022,7/6/2022,3850,3850,0,"",0,0,0,0,0,0,,"","N"
"PD","COSCNJ","HOU00217209",1921916,"FCIU","963832","SAV","HECNY","",7/20/2022,8/19/2022,"PD",7/21/2022,7/21/2022,125,125,0,"",0,0,0,0,0,0,,"","N"
"PD","COSCNJ","HOU00211925",1922751,"FFAU","244180","MEM","PILLACA","",7/6/2022,8/5/2022,"PD",7/6/2022,7/6/2022,375,375,0,"",0,0,0,0,0,0,,"","N"
"PD","COSCNJ","HOU00211927",1917111,"CSNU","648640","MEM","HECNY","",7/6/2022,8/5/2022,"PD",7/15/2022,7/15/2022,2050,2050,0,"",0,0,0,0,0,0,,"","N"
"PD","COSCNJ","HOU00207960",1915847,"CSNU","813969","SAV","HECNY","",7/6/2022,8/5/2022,"PD",7/6/2022,7/6/2022,790,790,0,"",0,0,0,0,0,0,,"","N"
"PD","COSCNJ","HOU00213319",1912774,"OOCU","832508","CHI","DJSITX","DJSITX",7/6/2022,8/5/2022,"PD",7/6/2022,7/6/2022,2700,0,2700,"N",0,0,0,0,0,0,,"","N"
"PD","COSCNJ","HOU00211926",1915318,"TEMU","803563","DAL","PBEXOH","PBEXOH",7/6/2022,8/5/2022,"PD",7/6/2022,7/6/2022,6205,0,6205,"N",0,0,0,0,0,0,,"","N"
"PD","COSCNJ","HOU00213321",1913733,"CCLU","768829","CHI","COOPMO","COOPMO",7/6/2022,8/5/2022,"PD",7/6/2022,7/6/2022,3060,0,3060,"N",0,0,0,0,0,0,,"","N"
"PD","COSCNJ","HOU00213321",1913734,"BEAU","468631","CHI","COOPMO","COOPMO",7/6/2022,8/5/2022,"PD",7/6/2022,7/6/2022,1980,0,1080,"N",900,0,0,0,0,0,,"","N"
"RST","CSXGA","VIRTUAL CARD",1924256,"TLLU","519781","ATL","COOPMO","",7/20/2022,8/19/2022,"RST",7/25/2022,7/25/2022,75,75,0,"",0,0,0,0,0,0,,"","N"
"MNR","DIRECT","MR0049866",1916402,"FFAU","349140","CHI","SAMSDTX","",7/15/2022,8/5/2022,"MR",7/15/2022,7/15/2022,432.8,0,0,"",432.8,0,0,0,0,0,,"","N"
"MNR","DORSEY","90012541",1916464,"FFAU","219465","SAV","MEDSC","",7/8/2022,8/7/2022,"MR",7/8/2022,7/8/2022,785.84,785.84,0,"",0,0,0,0,0,0,,"","N"
"MNR","DORSEY","10101411",1918768,"NYKU","514895","SAV","ONEVA","",7/13/2022,8/12/2022,"MR",7/14/2022,7/14/2022,58.3,58.3,0,"",0,0,0,0,0,0,,"","N"
"MNR","DOWNGA","396855",1914133,"KKFU","761774","CHI","OLUSANY","",5/31/2022,6/30/2022,"MR",5/31/2022,5/31/2022,560,0,0,"",0,0,0,0,560,0,,"","N"
"MNR","DOWNGA","404036",1921383,"TGHU","623784","SAV","HAPAGA","",7/22/2022,8/21/2022,"MR",7/22/2022,7/22/2022,282.5,282.5,0,"",0,0,0,0,0,0,,"","N"
"MNR","DOWNGA","399913",1915302,"KOCU","411981","SAV","HYUNTX","",6/19/2022,7/19/2022,"MR",6/20/2022,6/20/2022,475,475,0,"",0,0,0,0,0,0,,"","N"
"MNR","DOWNGA","400563",1920097,"KOCU","456961","SAV","HYUNTX","SACPMR",6/26/2022,7/26/2022,"MR",6/27/2022,6/27/2022,435.65,0,435.65,"Y",0,0,0,0,0,0,,"","N"
"MNR","DOWNGA","400552",1917396,"CMAU","893436","SAV","SCHECA","",6/26/2022,7/26/2022,"MR",6/27/2022,6/27/2022,475,475,0,"",0,0,0,0,0,0,,"","N"
"MNR","DOWNGA","403818",1917514,"UACU","603507","SAV","DJSITX","",7/22/2022,8/21/2022,"MR",7/22/2022,7/22/2022,376,376,0,"",0,0,0,0,0,0,,"","N"
"MNR","DOWNGA","400647",1920642,"HLBU","152662","SAV","HAPAGA","",7/9/2022,8/8/2022,"MR",7/11/2022,7/11/2022,370.5,370.5,0,"",0,0,0,0,0,0,,"","N"
"MNR","DOWNGA","403396",1921296,"GESU","646936","ATL","SAMSDTX","",7/22/2022,8/21/2022,"MR",7/22/2022,7/22/2022,283.5,283.5,0,"",0,0,0,0,0,0,,"","N"
"MNR","DOWNGA","402419",1918462,"CMAU","752463","ATL","SAMSDTX","",7/9/2022,8/8/2022,"MR",7/11/2022,7/11/2022,475,475,0,"",0,0,0,0,0,0,,"","N"
"MNR","DOWNGA","402781",1917519,"TCLU","572208","SAV","DJSITX","",7/9/2022,8/8/2022,"MR",7/11/2022,7/11/2022,480,480,0,"",0,0,0,0,0,0,,"","N"
"MNR","DOWNGA","400077",1920229,"HMMU","640396","SAV","HYUNTX","",6/19/2022,7/19/2022,"MR",7/7/2022,7/7/2022,475,475,0,"",0,0,0,0,0,0,,"","N"
"MNR","DOWNGA","401060",1920083,"DRYU","421074","SAV","HAPAGA","",7/9/2022,8/8/2022,"MR",7/11/2022,7/11/2022,425.99,425.99,0,"",0,0,0,0,0,0,,"","N"
"MNR","DOWNGA","399317",1917748,"HLBU","210151","SAV","HAPAGA","",6/13/2022,7/13/2022,"MR",6/14/2022,6/14/2022,475,475,0,"",0,0,0,0,0,0,,"","N"
"MNR","DOWNGA","403047",1917509,"TGBU","994917","SAV","DJSITX","",7/22/2022,8/21/2022,"MR",7/22/2022,7/22/2022,428.62,428.62,0,"",0,0,0,0,0,0,,"","N"
"MNR","DOWNGA","398992",1917391,"TRHU","483018","SAV","MAENC","",6/13/2022,7/13/2022,"MR",6/14/2022,6/14/2022,231,231,0,"",0,0,0,0,0,0,,"","N"
"MNR","DOWNGA","400562",1914075,"MRKU","632405","SAV","MAENC","",6/26/2022,7/26/2022,"MR",6/27/2022,6/27/2022,307.94,307.94,0,"",0,0,0,0,0,0,,"","N"
"MNR","DOWNGA","402478",1918830,"TEMU","827060","ATL","QUARTNY","",7/9/2022,8/8/2022,"MR",7/11/2022,7/11/2022,1050,1050,0,"",0,0,0,0,0,0,,"","N"
"MNR","DOWNGA","402807",1918034,"CMAU","776345","ATL","SAMSDTX","",7/9/2022,8/8/2022,"MR",7/11/2022,7/11/2022,475,475,0,"",0,0,0,0,0,0,,"","N"
"MNR","DOWNGA","400657",1917437,"KKFU","775369","SAV","DJSITX","",7/9/2022,8/8/2022,"MR",7/11/2022,7/11/2022,401.97,401.97,0,"",0,0,0,0,0,0,,"","N"
"MNR","DOWNGA","404087",1918767,"TLLU","561987","SAV","ONEVA","",7/22/2022,8/21/2022,"MR",7/22/2022,7/22/2022,294.23,294.23,0,"",0,0,0,0,0,0,,"","N"
"MNR","DOWNGA","404449",1919631,"JXLU","675404","SAV","SCHECA","",7/22/2022,8/21/2022,"MR",7/22/2022,7/22/2022,370,370,0,"",0,0,0,0,0,0,,"","N"
"MNR","DOWNGA","399472",1917432,"CLKU","500469","SAV","HYUNTX","SACPMR",6/14/2022,7/14/2022,"MR",6/15/2022,6/15/2022,343.5,0,343.5,"Y",0,0,0,0,0,0,,"","N"
"MNR","DOWNGA","400282",1917352,"CAIU","993616","ATL","QUARTCA","",6/19/2022,7/19/2022,"MR",6/20/2022,6/20/2022,185,185,0,"",0,0,0,0,0,0,,"","N"
"MNR","DOWNGA","401363",1916890,"KKTU","800268","MEM","DJSITX","",7/9/2022,8/8/2022,"MR",7/11/2022,7/11/2022,475,475,0,"",0,0,0,0,0,0,,"","N"
"MNR","DOWNGA","399374",1914892,"CBHU","869303","MEM","HECNY","",7/22/2022,8/21/2022,"MR",7/22/2022,7/22/2022,490,490,0,"",0,0,0,0,0,0,,"","N"
"MNR","DOWNGA","399288",1917747,"FSCU","723583","SAV","HAPAGA","",6/13/2022,7/13/2022,"MR",6/14/2022,6/14/2022,475,475,0,"",0,0,0,0,0,0,,"","N"
"PD","EVERTX","PF2207021971",1919347,"TCLU","495635","CHI","ARMADPA","",7/20/2022,8/19/2022,"PD",7/20/2022,7/20/2022,80,80,0,"",0,0,0,0,0,0,,"","N"
"PD","EVERTX","PF2207002282",1921451,"FSCU","829764","MEM","EVERSC","",7/1/2022,7/31/2022,"PD",7/7/2022,7/7/2022,60,60,0,"",0,0,0,0,0,0,,"","N"
"PD","EVERTX","PF2207002008",1921453,"CAAU","507370","MEM","EVERSC","",7/1/2022,7/31/2022,"PD",7/7/2022,7/7/2022,40,40,0,"",0,0,0,0,0,0,,"","N"
"PD","EVERTX","PF2207002691",1912850,"EITU","922001","CHI","ARMADPA","ARMADPA",7/1/2022,7/31/2022,"PD",7/7/2022,7/7/2022,550,0,550,"N",0,0,0,0,0,0,,"","N"
"PD","EVERTX","PF2207018546",1925213,"HMCU","902887","MEM","EVERSC","",7/18/2022,8/17/2022,"PD",7/19/2022,7/19/2022,380,380,0,"",0,0,0,0,0,0,,"","N"
"PD","EVERTX","PF2207001903",1921454,"BMOU","489683","MEM","EVERSC","",7/1/2022,7/31/2022,"PD",7/7/2022,7/7/2022,100,100,0,"",0,0,0,0,0,0,,"","N"
"PD","EVERTX","PF2205002126",1909027,"TGBU","701990","CHI","ARMADPA","",5/2/2022,6/1/2022,"PD",5/3/2022,5/3/2022,110,0,0,"",0,0,0,0,0,110,,"TPP","N"
"PD","EVERTX","PF2207003862",1921104,"EISU","933835","SAV","HECNY","",7/1/2022,7/31/2022,"PD",7/7/2022,7/7/2022,1670,1670,0,"",0,0,0,0,0,0,,"","N"
"PD","EVERTX","PF2205002203",1907315,"EITU","922408","CHI","ARMADPA","",5/2/2022,6/1/2022,"PD",5/3/2022,5/3/2022,820,0,0,"",0,0,0,0,0,820,,"TPP","N"
"PD","EVERTX","PF2207002040",1921447,"EISU","176185","MEM","EVERSC","",7/1/2022,7/31/2022,"PD",7/7/2022,7/7/2022,40,40,0,"",0,0,0,0,0,0,,"","N"
"PD","EVERTX","PF2205002159",1907314,"EGHU","845608","CHI","ARMADPA","",5/2/2022,6/1/2022,"PD",5/3/2022,5/3/2022,330,0,0,"",0,0,0,0,0,330,,"TPP","N"
"PD","EVERTX","PF2207022284",1919277,"TGBU","448452","CHI","ARMADPA","",7/20/2022,8/19/2022,"PD",7/20/2022,7/20/2022,20,20,0,"",0,0,0,0,0,0,,"","N"
"PD","EVERTX","PF2207002679",1916438,"TXGU","562071","CHI","ARMADPA","ARMADPA",7/1/2022,7/31/2022,"PD",7/22/2022,7/22/2022,60,0,60,"N",0,0,0,0,0,0,,"","N"
"PD","EVERTX","PF2207021729",1917509,"TGBU","994917","SAV","DJSITX","",7/18/2022,8/17/2022,"PD",7/19/2022,7/19/2022,1310,1310,0,"",0,0,0,0,0,0,,"","N"
"PD","EVERTX","PF2207002334",1921452,"EITU","935096","MEM","EVERSC","",7/1/2022,7/31/2022,"PD",7/7/2022,7/7/2022,60,60,0,"",0,0,0,0,0,0,,"","N"
"PD","EVERTX","PF2207002594",1917725,"EISU","937016","CHI","DJSTXIL","DJSTXIL",7/1/2022,7/31/2022,"PD",7/12/2022,7/12/2022,260,0,260,"N",0,0,0,0,0,0,,"","N"
"PD","EVERTX","PF2207001904",1921449,"TLLU","579264","MEM","EVERSC","",7/1/2022,7/31/2022,"PD",7/7/2022,7/7/2022,100,100,0,"",0,0,0,0,0,0,,"","N"
"PD","EVERTX","PF2207018172",1925214,"TRHU","708578","MEM","EVERSC","",7/18/2022,8/17/2022,"PD",7/19/2022,7/19/2022,380,380,0,"",0,0,0,0,0,0,,"","N"
"PD","EVERTX","PF2207002276",1921448,"EISU","836018","MEM","EVERSC","",7/1/2022,7/31/2022,"PD",7/7/2022,7/7/2022,60,60,0,"",0,0,0,0,0,0,,"","N"
"PD","EVERTX","PF2207018407",1925212,"TEMU","889525","MEM","EVERSC","",7/18/2022,8/17/2022,"PD",7/19/2022,7/19/2022,380,380,0,"",0,0,0,0,0,0,,"","N"
"PD","HAPAGA","2121232765",1916748,"SEGU","562816","CHI","SAMSDTX","",7/11/2022,8/10/2022,"PD",7/11/2022,7/11/2022,1600,0,0,"",1600,0,0,0,0,0,,"","N"
"PD","HAPAGA","2121181991",1917515,"TGBU","585789","SAV","DJSITX","",6/27/2022,7/27/2022,"PD",6/27/2022,6/27/2022,1170,1170,0,"",0,0,0,0,0,0,,"","N"
"PD","HAPAGA","2121232826",1916775,"KKFU","780845","CHI","SAMSDTX","",7/11/2022,8/10/2022,"PD",7/11/2022,7/11/2022,600,0,0,"",600,0,0,0,0,0,,"","N"
"PD","HAPAGA","2121288257",1923631,"TCLU","509422","CHI","DJSITX","",7/22/2022,8/21/2022,"PD",7/22/2022,7/22/2022,640,640,0,"",0,0,0,0,0,0,,"","N"
"PD","HAPAGA","2121232824",1916774,"HLBU","312025","CHI","SAMSDTX","SAMSDTX",7/11/2022,8/10/2022,"PD",7/11/2022,7/11/2022,5800,0,5800,"N",0,0,0,0,0,0,,"","N"
"PD","HAPAGA","2121186871",1914941,"FANU","193263","ATL","COOPMO","",6/28/2022,7/28/2022,"PD",6/29/2022,6/29/2022,740,0,0,"",740,0,0,0,0,0,,"","N"
"PD","HAPAGA","2121232798",1916745,"HLBU","149532","CHI","SAMSDTX","SAMSDTX",7/11/2022,8/10/2022,"PD",7/11/2022,7/11/2022,6000,0,6000,"N",0,0,0,0,0,0,,"","N"
"PD","HAPAGA","2121232825",1916751,"UACU","521805","CHI","SAMSDTX","SAMSDTX",7/11/2022,8/10/2022,"PD",7/11/2022,7/11/2022,5800,0,5800,"N",0,0,0,0,0,0,,"","N"
"PD","HAPAGA","2121182001",1917516,"HLBU","202852","SAV","DJSITX","",6/27/2022,7/27/2022,"PD",6/27/2022,6/27/2022,160,0,0,"",160,0,0,0,0,0,,"","N"
"PD","HAPAGA","2121181995",1917519,"TCLU","572208","SAV","DJSITX","",6/27/2022,7/27/2022,"PD",6/27/2022,6/27/2022,480,480,0,"",0,0,0,0,0,0,,"","N"
"PD","HAPAGA","2121232818",1916773,"HLBU","171587","CHI","SAMSDTX","SAMCA",7/11/2022,8/10/2022,"PD",7/11/2022,7/11/2022,5800,0,5800,"N",0,0,0,0,0,0,,"","N"
"PD","HAPAGA","2121195286",1917514,"UACU","603507","SAV","DJSITX","",6/30/2022,7/30/2022,"PD",6/30/2022,6/30/2022,160,160,0,"",0,0,0,0,0,0,,"","N"
"PD","HYUNSTX","UST2271208D01",1912846,"TGBU","633542","CHI","ARMADPA","ARMADPA",7/18/2022,8/17/2022,"PD",7/19/2022,7/19/2022,1225,0,1225,"N",0,0,0,0,0,0,,"","N"
"PD","HYUNSTX","UST2271540D01",1920496,"TGBU","622573","SAV","HYUNTX","",7/19/2022,8/18/2022,"PD",7/21/2022,7/21/2022,160,0,0,"",0,0,0,0,160,0,,"","N"
"MNR","INTERST","44539085",1719113,"OOLU","730736","SAV","QUARTCA","",5/2/2017,6/1/2017,"MR",8/30/2018,8/30/2018,159.34,0,0,"",159.34,0,0,0,0,0,,"","N"
"MNR","INTERST","44539100",1721032,"CRLU","132174","SAV","MEDSC","",5/5/2017,6/4/2017,"MR",8/30/2018,8/30/2018,178.13,0,0,"",178.13,0,0,0,0,0,,"","N"
"MNR","INTERST","44538451",1718643,"NYKU","474287","SAV","SUMIGL","",4/27/2017,5/27/2017,"MR",8/30/2018,8/30/2018,127.04,0,0,"",127.04,0,0,0,0,0,,"","N"
"MNR","INTERST","44538220",1714950,"TGHU","960336","SAV","MSDLNCA","",4/2/2017,5/2/2017,"MR",8/30/2018,8/30/2018,75,0,0,"",75,0,0,0,0,0,,"","N"
"MNR","INTERST","44540089",1729439,"GCNU","476934","SAV","SHLACA","",7/3/2017,8/2/2017,"MR",8/30/2018,8/30/2018,86.01,0,0,"",86.01,0,0,0,0,0,,"","N"
"MNR","INTERST","44539034",1722857,"CBHU","626960","SAV","MSDLNCA","",5/29/2017,6/28/2017,"MR",8/30/2018,8/30/2018,115,0,0,"",115,0,0,0,0,0,,"","N"
"MNR","INTERST","44539465",1726396,"CLHU","910662","SAV","TPEXIL","",6/20/2017,7/20/2017,"MR",8/30/2018,8/30/2018,297.33,0,0,"",297.33,0,0,0,0,0,,"","N"
"MNR","INTERST","44539656",1729169,"NYKU","418494","SAV","DITIRAL","",6/26/2017,7/26/2017,"MR",8/30/2018,8/30/2018,48.19,0,0,"",48.19,0,0,0,0,0,,"","N"
"MNR","INTERST","44540092",1721866,"HLXU","801684","SAV","TPEXIL","",7/30/2017,8/29/2017,"MR",8/30/2018,8/30/2018,62.47,0,0,"",62.47,0,0,0,0,0,,"","N"
"MNR","INTERST","44540169",1732499,"TLLU","462786","SAV","CMAVA","",7/20/2017,8/19/2017,"MR",8/30/2018,8/30/2018,177.91,0,0,"",177.91,0,0,0,0,0,,"","N"
"MNR","INTERST","44539200",1720929,"HDMU","558241","SAV","WORIL","",5/10/2017,6/9/2017,"MR",8/30/2018,8/30/2018,129.92,0,0,"",129.92,0,0,0,0,0,,"","N"
"MNR","INTERST","44540091",1732987,"UACU","509795","SAV","CILFCA","",7/26/2017,8/25/2017,"MR",8/30/2018,8/30/2018,35,0,0,"",35,0,0,0,0,0,,"","N"
"MNR","INTERST","0219A",1770349,"UACU","361856","SAV","ATLCUGA","",5/3/2018,6/2/2018,"MR",2/21/2019,2/21/2019,118.14,0,0,"",118.14,0,0,0,0,0,,"","N"
"MNR","INTERST","44541394",1744015,"MOTU","672759","SAV","TPEXIL","",11/8/2017,12/8/2017,"MR",8/30/2018,8/30/2018,136.01,0,0,"",136.01,0,0,0,0,0,,"","N"
"MNR","INTERST","44540394",1737378,"ZCSU","848834","SAV","DITIRAL","",8/29/2017,9/28/2017,"MR",8/30/2018,8/30/2018,129.92,0,0,"",129.92,0,0,0,0,0,,"","N"
"MNR","INTERST","44540325",1736073,"HDMU","549807","SAV","DPOWGA","",8/16/2017,9/15/2017,"MR",8/30/2018,8/30/2018,35,0,0,"",35,0,0,0,0,0,,"","N"
"MNR","INTERST","44540336",1734722,"CLHU","448158","SAV","KUNAMA","",8/18/2017,9/17/2017,"MR",8/30/2018,8/30/2018,25,0,0,"",25,0,0,0,0,0,,"","N"
"MNR","INTERST","44539206",1712958,"TCLU","631009","SAV","JTFRCA","",5/12/2017,6/11/2017,"MR",8/30/2018,8/30/2018,40.64,0,0,"",40.64,0,0,0,0,0,,"","N"
"MNR","INTERST","44527561",1583897,"SENU","502444","SAV","HANGA","",7/6/2015,8/5/2015,"MR",8/30/2018,8/30/2018,143.53,0,0,"",143.53,0,0,0,0,0,,"","N"
"MNR","INTERST","44530333",1601280,"GLDU","765394","SAV","CMAVA","",9/8/2015,10/8/2015,"MR",8/30/2018,8/30/2018,231.32,0,0,"",231.32,0,0,0,0,0,,"","N"
"MNR","INTERST","44530984",1616148,"ZCSU","863109","SAV","KUEHNC","",11/1/2015,12/1/2015,"MR",8/30/2018,8/30/2018,112.47,0,0,"",112.47,0,0,0,0,0,,"","N"
"MNR","INTERST","44531732",1627888,"CLHU","474581","SAV","HANGA","",1/5/2016,2/4/2016,"MR",8/30/2018,8/30/2018,40.35,0,0,"",40.35,0,0,0,0,0,,"","N"
"MNR","INTERST","44532006",1632928,"SEGU","427083","SAV","CMAVA","",1/25/2016,2/24/2016,"MR",8/30/2018,8/30/2018,53.14,0,0,"",53.14,0,0,0,0,0,,"","N"
"MNR","INTERST","44536932",1701559,"TTNU","843378","SAV","KGINC","",12/13/2016,1/12/2017,"MR",8/30/2018,8/30/2018,75,0,0,"",75,0,0,0,0,0,,"","N"
"MNR","INTERST","44540591",1739585,"MSCU","385860","SAV","QUARTCA","",9/26/2017,10/26/2017,"MR",8/30/2018,8/30/2018,108.49,0,0,"",108.49,0,0,0,0,0,,"","N"
"MNR","INTERST","1616A",1799863,"TCKU","488009","SAV","SCANWIL","",1/11/2019,2/10/2019,"MR",3/5/2019,3/5/2019,129.92,0,0,"",64.96,0,64.96,0,0,0,,"","N"
"MNR","INTERST","44541030",1744599,"HLXU","811633","SAV","TPEXIL","",10/23/2017,11/22/2017,"MR",8/30/2018,8/30/2018,35,0,0,"",35,0,0,0,0,0,,"","N"
"MNR","INTERST","44540461",1739623,"HDMU","246251","SAV","HYUNTX","",9/14/2017,10/14/2017,"MR",8/30/2018,8/30/2018,35,0,0,"",35,0,0,0,0,0,,"","N"
"MNR","INTERST","44540361",1737636,"CPWU","390447","SAV","USSHCA","",8/23/2017,9/22/2017,"MR",8/30/2018,8/30/2018,159.34,0,0,"",159.34,0,0,0,0,0,,"","N"
"MNR","INTERST","44540335",1736952,"TCNU","846207","SAV","SEAHIL","",8/18/2017,9/17/2017,"MR",8/30/2018,8/30/2018,75,0,0,"",75,0,0,0,0,0,,"","N"
"MNR","INTERST","44539561",1728779,"ECMU","977225","SAV","CMAVA","",6/25/2017,7/25/2017,"MR",8/30/2018,8/30/2018,209.84,0,0,"",209.84,0,0,0,0,0,,"","N"
"MNR","INTERST","44539096",1720930,"HDMU","555521","SAV","WORIL","",5/8/2017,6/7/2017,"MR",8/30/2018,8/30/2018,60,0,0,"",60,0,0,0,0,0,,"","N"
"MNR","INTERST","44538050",1714973,"MEDU","903440","SAV","MEDSC","",3/21/2017,4/20/2017,"MR",8/30/2018,8/30/2018,448.68,0,0,"",448.68,0,0,0,0,0,,"","N"
"MNR","INTERST","44538221",1714884,"HDMU","677509","SAV","MSDLNCA","",4/3/2017,5/3/2017,"MR",8/30/2018,8/30/2018,53.54,0,0,"",53.54,0,0,0,0,0,,"","N"
"MNR","INTERST","44537841",1710902,"HMMU","901148","SAV","KUEHNC","",2/23/2017,3/25/2017,"MR",8/30/2018,8/30/2018,141.57,0,0,"",141.57,0,0,0,0,0,,"","N"
"MNR","INTERST","44540323",1734650,"MSCU","326442","SAV","QUARTCA","",8/15/2017,9/14/2017,"MR",8/30/2018,8/30/2018,50,0,0,"",50,0,0,0,0,0,,"","N"
"MNR","INTERST","44537917",1713441,"TCKU","359623","SAV","CAPRIL","",3/10/2017,4/9/2017,"MR",8/30/2018,8/30/2018,389.68,0,0,"",194.84,0,194.84,0,0,0,,"","N"
"MNR","INTERST","0076A",1769294,"CSLU","176820","SAV","QUARTCA","",4/12/2018,5/12/2018,"MR",6/20/2018,6/20/2018,149.34,0,0,"",0,0,149.34,0,0,0,,"","N"
"MNR","INTERST","0075A",1768906,"TCNU","577734","SAV","HJLOGNJ","",4/12/2018,5/12/2018,"MR",6/20/2018,6/20/2018,53.54,0,0,"",0,0,53.54,0,0,0,,"","N"
"MNR","INTERST","44542718",1764124,"CAIU","717230","SAV","KUNAMA","",3/14/2018,4/13/2018,"MR",6/20/2018,6/20/2018,76.01,0,0,"",76.01,0,0,0,0,0,,"","N"
"MNR","INTERST","44542477",1764867,"CMAU","464601","SAV","APLTN","",3/10/2018,4/9/2018,"MR",6/20/2018,6/20/2018,121.57,0,0,"",0,0,121.57,0,0,0,,"","N"
"MNR","INTERST","44541521",1749565,"FSCU","943208","SAV","HYUNTX","",11/28/2017,12/28/2017,"MR",8/30/2018,8/30/2018,219.34,0,0,"",219.34,0,0,0,0,0,,"","N"
"MNR","INTERST","44541377",1747921,"MEDU","726293","SAV","MEDSC","",11/6/2017,12/6/2017,"MR",8/30/2018,8/30/2018,110,0,0,"",110,0,0,0,0,0,,"","N"
"MNR","INTERST","44541366",1742469,"TCLU","942868","SAV","TPEXIL","",11/3/2017,12/3/2017,"MR",8/30/2018,8/30/2018,106.15,0,0,"",106.15,0,0,0,0,0,,"","N"
"MNR","INTERST","44530269",1591367,"HJCU","429517","SAV","HANGA","",8/10/2015,9/9/2015,"MR",8/30/2018,8/30/2018,35,0,0,"",35,0,0,0,0,0,,"","N"
"MNR","INTIND","C242947",1909429,"KOCU","452496","CHI","HYUNTX","",7/12/2022,8/11/2022,"MR",7/13/2022,7/13/2022,1414.68,0,0,"",1414.68,0,0,0,0,0,,"","N"
"MNR","INTIND","C242948",1919897,"TGBU","531882","CHI","COOPMO","",7/12/2022,8/11/2022,"MR",7/13/2022,7/13/2022,468.25,0,0,"",468.25,0,0,0,0,0,,"","N"
"MNR","INTIND","C243056",1923649,"SMCU","104302","CHI","SAMSDTX","",7/19/2022,8/18/2022,"MR",7/20/2022,7/20/2022,309.2,0,0,"",309.2,0,0,0,0,0,,"","N"
"MNR","INTIND","C243054",1914952,"TXGU","526971","CHI","CMAVA","",7/18/2022,8/17/2022,"MR",7/20/2022,7/20/2022,394.04,394.04,0,"",0,0,0,0,0,0,,"","N"
"PD","MAERNC","5260440634",1920672,"PONU","781207","ATL","SAMSDTX","SAMSDTX",7/13/2022,8/12/2022,"PD",7/13/2022,7/13/2022,440,0,440,"N",0,0,0,0,0,0,,"","N"
"PD","MAERNC","5259650378",1906300,"MRKU","259048","MEM","USPACA","",3/20/2022,4/19/2022,"PD",3/23/2022,3/23/2022,750,0,0,"",0,0,0,0,750,0,,"","N"
"PD","MAERNC","5260473844",1918071,"MSKU","953411","MEM","COOPMO","",7/18/2022,8/17/2022,"PD",7/19/2022,7/19/2022,380,380,0,"",0,0,0,0,0,0,,"","N"
"PD","MAERNC","5260440633",1915712,"MSKU","903671","ATL","COOPMO","",7/13/2022,8/12/2022,"PD",7/13/2022,7/13/2022,1760,0,0,"",1760,0,0,0,0,0,,"","N"
"PD","MAERNC","5260440630",1919225,"MSKU","113913","CHI","SAMSDTX","SAMSDTX",7/13/2022,8/12/2022,"PD",7/13/2022,7/13/2022,1320,0,1320,"N",0,0,0,0,0,0,,"","N"
"PD","MAERNC","5260440631",1921214,"MRSU","325104","CHI","SAMSDTX","SAMSDTX",7/13/2022,8/12/2022,"PD",7/13/2022,7/13/2022,220,0,220,"N",0,0,0,0,0,0,,"","N"
"PD","MAERNC","5260491574",1920670,"MRSU","371664","ATL","SAMSDTX","",7/20/2022,8/19/2022,"PD",7/20/2022,7/20/2022,1320,1320,0,"",0,0,0,0,0,0,,"","N"
"PD","MAERNC","5260491575",1920673,"TCKU","642095","ATL","SAMSDTX","",7/20/2022,8/19/2022,"PD",7/20/2022,7/20/2022,1760,1760,0,"",0,0,0,0,0,0,,"","N"
"PD","MAERNC","5260440632",1921225,"MSKU","174973","CHI","SAMSDTX","SAMSDTX",7/13/2022,8/12/2022,"PD",7/13/2022,7/13/2022,220,0,220,"N",0,0,0,0,0,0,,"","N"
"PD","MAERNC","5260440636",1920671,"MRSU","400953","ATL","SAMSDTX","SAMSDTX",7/13/2022,8/12/2022,"PD",7/13/2022,7/13/2022,440,0,440,"N",0,0,0,0,0,0,,"","N"
"PD","MAERNC","5260389577",1914987,"MSKU","139597","ATL","COOPMO","",7/6/2022,8/5/2022,"PD",7/25/2022,7/25/2022,4400,4400,0,"",0,0,0,0,0,0,,"","N"
"PD","MAERNC","5260491571",1919458,"TRHU","744695","CHI","SAMSDTX","",7/20/2022,8/19/2022,"PD",7/20/2022,7/20/2022,3960,3960,0,"",0,0,0,0,0,0,,"","N"
"PD","MAERNC","5260491572",1920133,"HASU","453729","ATL","COOPMO","COOPMO",7/20/2022,8/19/2022,"PD",7/20/2022,7/20/2022,2420,0,220,"N",2200,0,0,0,0,0,,"","N"
"PD","MAERNC","5260440635",1920668,"CAAU","663369","ATL","SAMSDTX","SAMSDTX",7/13/2022,8/12/2022,"PD",7/13/2022,7/13/2022,220,0,220,"N",0,0,0,0,0,0,,"","N"
"PD","MAERNC","5260491573",1920669,"MRKU","619976","ATL","SAMSDTX","",7/20/2022,8/19/2022,"PD",7/20/2022,7/20/2022,1320,1320,0,"",0,0,0,0,0,0,,"","N"
"PD","MSCSC","100001805092P",1915836,"MSDU","738464","CHI","OLUSANY","OLUSANY",6/24/2022,7/24/2022,"PD",6/29/2022,6/29/2022,405,0,405,"Y",0,0,0,0,0,0,,"","N"
"PD","MSCSC","100001819099P",1920547,"TCNU","143788","MEM","MEDSC","",7/13/2022,8/12/2022,"PD",7/15/2022,7/15/2022,800,800,0,"",0,0,0,0,0,0,,"","N"
"PD","MSCSC","100001814787P",1916913,"TRHU","749802","MEM","COOPMO","",7/12/2022,8/11/2022,"PD",7/14/2022,7/14/2022,135,135,0,"",0,0,0,0,0,0,,"","N"
"PD","MSCSC","100001680796P",1829717,"","","CHI","PBIALL","",5/12/2022,6/11/2022,"PD",5/18/2022,5/18/2022,135,0,0,"",0,0,0,0,135,0,,"","N"
"PD","MSCSC","100001814358P",1913582,"TCNU","108365","MEM","COOPMO","",7/12/2022,8/11/2022,"PD",7/14/2022,7/14/2022,135,135,0,"",0,0,0,0,0,0,,"","N"
"PD","MSCSC","100001684941P",1829717,"","","CHI","PBIALL","",5/12/2022,6/11/2022,"PD",5/18/2022,5/18/2022,540,0,0,"",0,0,0,0,540,0,,"","N"
"PD","MSCSC","100001804347P",1915834,"FFAU","297429","CHI","OLUSANY","OLUSANY",6/24/2022,7/24/2022,"PD",6/29/2022,6/29/2022,2785,0,2785,"Y",0,0,0,0,0,0,,"","N"
"PD","MSCSC","100001807302P",1917758,"FSCU","328148","SAV","QUARTGA","",6/27/2022,7/27/2022,"PD",6/29/2022,6/29/2022,185,185,0,"",0,0,0,0,0,0,,"","N"
"PD","MSCSC","100001827686P",1913695,"BMOU","619834","CHI","COOPMO","COOPMO",7/15/2022,8/14/2022,"PD",7/19/2022,7/19/2022,1280,0,1280,"N",0,0,0,0,0,0,,"","N"
"PD","MSCSC","100001729980P",1915835,"TGBU","804543","CHI","OLUSANY","",5/26/2022,6/25/2022,"PD",5/31/2022,5/31/2022,3860,0,0,"",0,0,0,0,3860,0,,"","N"
"PD","MSCSC","100001806687P",1829717,"","","CHI","PBIALL","",6/27/2022,7/27/2022,"PD",6/30/2022,6/30/2022,405,0,0,"",0,0,0,0,405,0,,"","N"
"PD","MSCSC","100001816963P",1916466,"MSDU","703996","SAV","MEDSC","",7/12/2022,8/11/2022,"PD",7/14/2022,7/14/2022,2460,0,0,"",0,0,0,0,2460,0,,"","N"
"PD","MSCSC","100001805111P",1915837,"MSCU","527460","CHI","OLUSANY","OLUSANY",6/24/2022,7/24/2022,"PD",6/29/2022,6/29/2022,540,0,540,"Y",0,0,0,0,0,0,,"","N"
"PD","MSCSC","100001814364P",1913585,"TRHU","686361","MEM","COOPMO","",7/12/2022,8/11/2022,"PD",7/14/2022,7/14/2022,135,135,0,"",0,0,0,0,0,0,,"","N"
"PD","MSCSC","100001815076P",1913687,"MSCU","822681","CHI","COOPMO","COOPMO",7/12/2022,8/11/2022,"PD",7/14/2022,7/14/2022,4075,0,4075,"N",0,0,0,0,0,0,,"","N"
"PD","MSCSC","100001814797P",1919997,"MSMU","736231","MEM","MEDSC","",7/12/2022,8/11/2022,"PD",7/14/2022,7/14/2022,185,185,0,"",0,0,0,0,0,0,,"","N"
"PD","MSCSC","100001819100P",1920548,"MSMU","838815","MEM","MEDSC","",7/13/2022,8/12/2022,"PD",7/15/2022,7/15/2022,800,800,0,"",0,0,0,0,0,0,,"","N"
"PD","MSCSC","100001814798P",1919999,"MSMU","844753","MEM","MEDSC","",7/12/2022,8/11/2022,"PD",7/14/2022,7/14/2022,185,185,0,"",0,0,0,0,0,0,,"","N"
"PD","MSCSC","100001814796P",1919998,"TGBU","667323","MEM","MEDSC","",7/12/2022,8/11/2022,"PD",7/14/2022,7/14/2022,185,185,0,"",0,0,0,0,0,0,,"","N"
"PD","MSCSC","100001837910P",1918401,"TRHU","721841","SAV","MEDSC","",7/19/2022,8/18/2022,"PD",7/21/2022,7/21/2022,405,0,0,"",0,0,0,0,405,0,,"","N"
"PD","MSCSC","100001819101P",1920549,"MSMU","645524","MEM","MEDSC","",7/13/2022,8/12/2022,"PD",7/15/2022,7/15/2022,740,740,0,"",0,0,0,0,0,0,,"","N"
"PD","MSCSC","100001827408P",1914932,"MEDU","464822","CHI","DJSITX","DJSITX",7/15/2022,8/14/2022,"PD",7/19/2022,7/19/2022,540,0,540,"N",0,0,0,0,0,0,,"","N"
"PD","MSCSC","100001814363P",1913583,"TRHU","788159","MEM","COOPMO","",7/12/2022,8/11/2022,"PD",7/14/2022,7/14/2022,135,135,0,"",0,0,0,0,0,0,,"","N"
"PD","MSCSC","100001814141P",1915716,"INKU","648539","MEM","COOPMO","",7/12/2022,8/11/2022,"PD",7/14/2022,7/14/2022,270,270,0,"",0,0,0,0,0,0,,"","N"
"PD","MSCSC","100001827688P",1915692,"CAAU","510651","CHI","COOPMO","COOPMO",7/15/2022,8/14/2022,"PD",7/19/2022,7/19/2022,1280,0,1280,"N",0,0,0,0,0,0,,"","N"
"PD","MSCSC","100001699025P",1829717,"","","CHI","PBIALL","",5/17/2022,6/16/2022,"PD",5/20/2022,5/20/2022,1095,0,0,"",0,0,0,0,1095,0,,"","N"
"PD","MSCSC","100001712421P",1829717,"","","CHI","PBIALL","",5/24/2022,6/23/2022,"PD",5/27/2022,5/27/2022,405,0,0,"",0,0,0,0,405,0,,"","N"
"PD","MSCSC","100001805113P",1829717,"","","CHI","PBIALL","",6/24/2022,7/24/2022,"PD",7/11/2022,7/11/2022,270,0,0,"",0,0,0,0,270,0,,"","N"
"PD","MSCSC","100001458137P",1829717,"","","CHI","PBIALL","",2/24/2022,3/26/2022,"PD",2/28/2022,2/28/2022,1495,0,0,"",0,0,0,0,1495,0,,"","N"
"PD","MSCSC","100001803863P",1829717,"","","CHI","PBIALL","",6/24/2022,7/24/2022,"PD",6/30/2022,6/30/2022,3645,0,0,"",0,0,0,0,3645,0,,"","N"
"PD","MSCSC","100001610026P",1829717,"","","CHI","PBIALL","",4/19/2022,5/19/2022,"PD",4/20/2022,4/20/2022,135,0,0,"",0,0,0,0,135,0,,"","N"
"","MSCSC","100001667062P",1900921,"BSIU","937314","CHI","DJSTXIL","",2/9/2022,3/11/2022,"PD",5/10/2022,5/10/2022,-1075,0,0,"",0,0,0,0,0,0,,"","N"
"PD","MSCSC","100001819080P",1920000,"MSCU","522525","MEM","MEDSC","",7/13/2022,8/12/2022,"PD",7/15/2022,7/15/2022,800,800,0,"",0,0,0,0,0,0,,"","N"
"PD","MSCSC","100001581253P",1905376,"UETU","560441","ATL","DELCSIL","",4/7/2022,5/7/2022,"PD",4/11/2022,4/11/2022,405,0,0,"",0,0,0,0,0,405,,"","N"
"PD","MSCSC","100001804734P",1913690,"MSMU","856933","CHI","COOPMO","COOPMO",6/24/2022,7/24/2022,"PD",6/30/2022,6/30/2022,3000,0,3000,"N",0,0,0,0,0,0,,"","N"
"PD","MSCSC","100001818493P",1917849,"MSDU","888372","MEM","HECNY","",7/13/2022,8/12/2022,"PD",7/15/2022,7/15/2022,2140,2140,0,"",0,0,0,0,0,0,,"","N"
"PD","ONE","UST836429",1914879,"FFAU","287665","ATL","SAMSDTX","SAMSDTX",6/13/2022,7/13/2022,"PD",6/14/2022,6/14/2022,300,0,300,"Y",0,0,0,0,0,0,,"","N"
"PD","ONE","UST836430",1914566,"ONEU","000319","ATL","SAMSDTX","SAMSDTX",6/13/2022,7/13/2022,"PD",6/14/2022,6/14/2022,150,0,150,"Y",0,0,0,0,0,0,,"","N"
"PD","ONE","UST836575",1915613,"FCGU","198556","DIT","SAMSDTX","SAMSDTX",6/13/2022,7/13/2022,"PD",6/14/2022,6/14/2022,1650,0,1650,"Y",0,0,0,0,0,0,,"","N"
"PD","ONE","UST854263",1915879,"TRHU","442053","ATL","ONEVA","",7/8/2022,8/7/2022,"PD",7/11/2022,7/11/2022,1200,0,0,"",0,0,0,0,1200,0,,"","N"
"PD","ONE","UST836574",1915618,"TCLU","942102","DIT","SAMSDTX","SAMSDTX",6/13/2022,7/13/2022,"PD",6/14/2022,6/14/2022,1650,0,1650,"Y",0,0,0,0,0,0,,"","N"
"PD","ONE","UST833634",1917352,"CAIU","993616","ATL","QUARTCA","",6/9/2022,7/9/2022,"PD",6/10/2022,6/10/2022,150,0,0,"",150,0,0,0,0,0,,"","N"
"PD","ONE","UST854261",1915880,"TLLU","567008","ATL","ONEVA","",7/8/2022,8/7/2022,"PD",7/11/2022,7/11/2022,2100,0,0,"",0,0,0,0,2100,0,,"","N"
"PD","ONE","UST854256",1915882,"NYKU","524280","ATL","ONEVA","",7/8/2022,8/7/2022,"PD",7/11/2022,7/11/2022,1200,0,0,"",1200,0,0,0,0,0,,"","N"
"PD","ONE","UST863535",1916962,"NYKU","489702","SAV","ONEVA","",7/18/2022,8/17/2022,"PD",7/20/2022,7/20/2022,5400,5400,0,"",0,0,0,0,0,0,,"","N"
"PD","ONE","UST862012",1917437,"KKFU","775369","SAV","DJSITX","",7/15/2022,8/14/2022,"PD",7/19/2022,7/19/2022,300,300,0,"",0,0,0,0,0,0,,"","N"
"PD","ONE","UST858224",1917961,"TCKU","721346","DIT","SAMSDTX","SAMSDTX",7/11/2022,8/10/2022,"PD",7/13/2022,7/13/2022,2250,0,2250,"N",0,0,0,0,0,0,,"","N"
"PD","ONE","UST863564",1917962,"TCKU","793028","DIT","SAMSDTX","",7/18/2022,8/17/2022,"PD",7/20/2022,7/20/2022,4200,4200,0,"",0,0,0,0,0,0,,"","N"
"PD","ONE","UST863553",1917965,"TCLU","861921","DIT","SAMSDTX","",7/18/2022,8/17/2022,"PD",7/20/2022,7/20/2022,4200,4200,0,"",0,0,0,0,0,0,,"","N"
"PD","ONE","UST858231",1917967,"TCNU","279450","DIT","SAMSDTX","SAMSDTX",7/11/2022,8/10/2022,"PD",7/13/2022,7/13/2022,2550,0,2550,"N",0,0,0,0,0,0,,"","N"
"PD","ONE","UST863558",1917970,"TEMU","787783","DIT","SAMSDTX","",7/18/2022,8/17/2022,"PD",7/20/2022,7/20/2022,4200,4200,0,"",0,0,0,0,0,0,,"","N"
"PD","ONE","UST863721",1919079,"TCNU","552974","DIT","SAMSDTX","",7/18/2022,8/17/2022,"PD",7/20/2022,7/20/2022,3900,3900,0,"",0,0,0,0,0,0,,"","N"
"PD","ONE","UST836425",1914680,"SEGU","452833","ATL","SAMSDTX","SAMSDTX",6/13/2022,7/13/2022,"PD",6/14/2022,6/14/2022,150,0,150,"Y",0,0,0,0,0,0,,"","N"
"PD","ONE","UST858228",1917958,"ONEU","022009","DIT","SAMSDTX","SAMSDTX",7/11/2022,8/10/2022,"PD",7/13/2022,7/13/2022,2700,0,2700,"N",0,0,0,0,0,0,,"","N"
"PD","ONE","UST863704",1917155,"TRHU","590895","DIT","SAMSDTX","",7/18/2022,8/17/2022,"PD",7/20/2022,7/20/2022,3300,3300,0,"",0,0,0,0,0,0,,"","N"
"PD","ONE","UST863707",1917154,"TRHU","586657","DIT","SAMSDTX","",7/18/2022,8/17/2022,"PD",7/20/2022,7/20/2022,300,300,0,"",0,0,0,0,0,0,,"","N"
"","ONE","UST858328",1916884,"GAOU","655504","SAV","ONEVA","",7/11/2022,8/10/2022,"PD",7/25/2022,7/25/2022,6750,0,0,"",0,0,0,0,0,0,,"","N"
"PD","ONE","UST856821",1915775,"TCLU","596981","MEM","QUARTNY","",7/9/2022,8/8/2022,"PD",7/12/2022,7/12/2022,1350,1350,0,"",0,0,0,0,0,0,,"","N"
"PD","ONE","UST863556",1917964,"TCLU","549138","DIT","SAMSDTX","",7/18/2022,8/17/2022,"PD",7/20/2022,7/20/2022,3600,3600,0,"",0,0,0,0,0,0,,"","N"
"PD","ONE","UST783355",1908529,"TRHU","838112","ATL","ONEVA","",4/14/2022,5/14/2022,"PD",4/18/2022,4/18/2022,2100,0,0,"",0,0,0,0,2100,0,,"","N"
"PD","ONE","UST783340",1904878,"TRHU","425136","ATL","ONEVA","",4/14/2022,5/14/2022,"PD",4/18/2022,4/18/2022,3450,0,0,"",0,0,0,0,3450,0,,"","N"
"PD","ONE","UST833369",1899395,"FDCU","061657","DIT","ONEVA","SAMCA",6/9/2022,7/9/2022,"PD",6/10/2022,6/10/2022,18000,0,18000,"Y",0,0,0,0,0,0,,"","N"
"","ONE","UST548937 CREDIT",1876533,"TCLU","441165","ATL","QUARTCA","",7/28/2021,8/27/2021,"PD",9/21/2021,9/21/2021,-4400,0,0,"",0,0,0,0,0,0,,"","N"
"PD","ONE","UST723678",1829717,"","","CHI","PBIALL","",2/10/2022,3/12/2022,"PD",2/11/2022,2/11/2022,150,0,0,"",0,0,0,0,150,0,,"","N"
"PD","ONE","UST833712",1912380,"FDCU","035300","ATL","ONEVA","",6/9/2022,7/9/2022,"PD",6/10/2022,6/10/2022,2850,0,0,"",0,0,0,0,2850,0,,"","N"
"PD","ONE","UST863578",1922392,"TLLU","544341","DIT","SAMSDTX","",7/18/2022,8/17/2022,"PD",7/20/2022,7/20/2022,150,150,0,"",0,0,0,0,0,0,,"","N"
"PD","ONE","UST858211",1910659,"NYKU","482035","SAV","ONEVA","SAMCA",7/11/2022,8/10/2022,"PD",7/13/2022,7/13/2022,5400,0,5400,"Y",0,0,0,0,0,0,,"","N"
"PD","ONE","UST858327",1922786,"TRHU","427683","CHI","SAMSDTX","SAMSDTX",7/11/2022,8/10/2022,"PD",7/13/2022,7/13/2022,750,0,750,"N",0,0,0,0,0,0,,"","N"
"PD","ONE","UST783346",1908530,"TRHU","688310","ATL","ONEVA","",4/14/2022,5/14/2022,"PD",4/18/2022,4/18/2022,2250,0,0,"",0,0,0,0,2250,0,,"","N"
"PD","ONE","UST863685",1922621,"TRHU","522188","DIT","SAMSDTX","",7/18/2022,8/17/2022,"PD",7/20/2022,7/20/2022,450,450,0,"",0,0,0,0,0,0,,"","N"
"PD","ONE","UST858326",1919066,"FFAU","180775","DIT","SAMSDTX","SAMSDTX",7/11/2022,8/10/2022,"PD",7/13/2022,7/13/2022,1950,0,1950,"N",0,0,0,0,0,0,,"","N"
"PD","ONE","UST858356",1920361,"SEGU","445772","DIT","SAMSDTX","SAMSDTX",7/11/2022,8/10/2022,"PD",7/13/2022,7/13/2022,750,0,750,"N",0,0,0,0,0,0,,"","N"
"PD","ONE","UST858355",1920357,"GCXU","519281","DIT","SAMSDTX","SAMSDTX",7/11/2022,8/10/2022,"PD",7/13/2022,7/13/2022,900,0,900,"N",0,0,0,0,0,0,,"","N"
"PD","ONE","UST853506",1919495,"TEMU","871335","ATL","DPOWGA","DPOWGA",7/7/2022,8/6/2022,"PD",7/11/2022,7/11/2022,750,0,750,"Y",0,0,0,0,0,0,,"","N"
"PD","ONE","UST858216",1919230,"FFAU","286960","DIT","SAMSDTX","SAMSDTX",7/11/2022,8/10/2022,"PD",7/13/2022,7/13/2022,2700,0,2700,"N",0,0,0,0,0,0,,"","N"
"PD","ONE","UST863724",1919081,"TCNU","806991","DIT","SAMSDTX","",7/18/2022,8/17/2022,"PD",7/20/2022,7/20/2022,150,150,0,"",0,0,0,0,0,0,,"","N"
"PD","ONE","UST863549",1917960,"SEKU","442430","DIT","SAMSDTX","",7/18/2022,8/17/2022,"PD",7/20/2022,7/20/2022,3900,3900,0,"",0,0,0,0,0,0,,"","N"
"PD","ONE","UST856910",1917606,"TLLU","421280","MEM","QUARTNY","",7/9/2022,8/8/2022,"PD",7/12/2022,7/12/2022,600,600,0,"",0,0,0,0,0,0,,"","N"
"PD","ONE","UST858219",1919231,"KKFU","780001","DIT","SAMSDTX","SAMSDTX",7/11/2022,8/10/2022,"PD",7/13/2022,7/13/2022,2550,0,2550,"N",0,0,0,0,0,0,,"","N"
"PD","ONE","UST858325",1919067,"TCNU","579474","DIT","SAMSDTX","SAMSDTX",7/11/2022,8/10/2022,"PD",7/13/2022,7/13/2022,1950,0,1950,"N",0,0,0,0,0,0,,"","N"
"PD","ONE","UST863561",1917963,"TCLU","156020","DIT","SAMSDTX","",7/18/2022,8/17/2022,"PD",7/20/2022,7/20/2022,150,150,0,"",0,0,0,0,0,0,,"","N"
"PD","ONE","UST863544",1919236,"TCNU","485948","DIT","SAMSDTX","",7/18/2022,8/17/2022,"PD",7/20/2022,7/20/2022,4050,4050,0,"",0,0,0,0,0,0,,"","N"
"PD","ONE","UST858214",1919229,"DRYU","600976","DIT","SAMSDTX","SAMSDTX",7/11/2022,8/10/2022,"PD",7/13/2022,7/13/2022,2400,0,2400,"N",0,0,0,0,0,0,,"","N"
"PD","ONE","UST846579",1919470,"TCNU","763860","CHI","DJSTXIL","DJSTXIL",7/4/2022,8/3/2022,"PD",7/5/2022,7/5/2022,600,0,600,"Y",0,0,0,0,0,0,,"","N"
"PD","ONE","UST863700",1917148,"NYKU","565406","DIT","SAMSDTX","",7/18/2022,8/17/2022,"PD",7/20/2022,7/20/2022,150,150,0,"",0,0,0,0,0,0,,"","N"
"PD","ONE","UST858191",1910639,"FFAU","290181","SAV","ONEVA","SAMCA",7/11/2022,8/10/2022,"PD",7/13/2022,7/13/2022,5700,0,5700,"Y",0,0,0,0,0,0,,"","N"
"PD","ONE","UST833647",1916296,"TGBU","455548","ATL","PREMICA","",6/9/2022,7/9/2022,"PD",6/10/2022,6/10/2022,150,0,0,"",0,0,0,0,150,0,,"","N"
"PD","ONE","UST836433",1919180,"TCLU","650065","ATL","SAMSDTX","SAMSDTX",6/13/2022,7/13/2022,"PD",6/14/2022,6/14/2022,150,0,150,"N",0,0,0,0,0,0,,"","N"
"PD","ONE","UST857124",1916295,"NYKU","477091","ATL","PREMICA","PREMICA",7/9/2022,8/8/2022,"PD",7/12/2022,7/12/2022,1200,0,600,"N",600,0,0,0,0,0,,"","N"
"PD","ONE","UST857128",1916294,"TLLU","550737","ATL","PREMICA","",7/9/2022,8/8/2022,"PD",7/12/2022,7/12/2022,1050,0,0,"",0,0,0,0,1050,0,,"","N"
"PD","ONE","UST858324",1922788,"TRHU","558370","CHI","SAMSDTX","SAMSDTX",7/11/2022,8/10/2022,"PD",7/13/2022,7/13/2022,750,0,750,"N",0,0,0,0,0,0,,"","N"
"PD","ONE","UST841426",1896082,"NYKU","072509","SAV","ONEVA","SAMCA",6/16/2022,7/16/2022,"PD",6/17/2022,6/17/2022,10800,0,10800,"Y",0,0,0,0,0,0,,"","N"
"PD","ONE","UST788870",1908531,"SEGU","529037","ATL","ONEVA","",4/20/2022,5/20/2022,"PD",4/20/2022,4/20/2022,2550,0,0,"",0,0,0,0,2550,0,,"","N"
"PD","ONE","UST858331",1921255,"TCLU","854555","CHI","SAMSDTX","SAMSDTX",7/11/2022,8/10/2022,"PD",7/13/2022,7/13/2022,750,0,750,"N",0,0,0,0,0,0,,"","N"
"PD","ONE","UST846580",1919844,"TLLU","436720","CHI","DJSTXIL","DJSTXIL",7/4/2022,8/3/2022,"PD",7/5/2022,7/5/2022,150,0,150,"Y",0,0,0,0,0,0,,"","N"
"PD","ONE","UST861379",1920078,"GCXU","524042","MEM","QUARTNY","",7/14/2022,8/13/2022,"PD",7/15/2022,7/15/2022,1200,1200,0,"",0,0,0,0,0,0,,"","N"
"PD","ONE","UST863652",1920649,"FFAU","364903","ATL","SAMSDTX","",7/18/2022,8/17/2022,"PD",7/20/2022,7/20/2022,300,300,0,"",0,0,0,0,0,0,,"","N"
"PD","ONE","UST846485",1919654,"TRHU","577696","CHI","OLUSANY","OLUSANY",7/4/2022,8/3/2022,"PD",7/7/2022,7/7/2022,900,0,900,"N",0,0,0,0,0,0,,"","N"
"PD","ONE","UST863731",1920364,"TCNU","614100","DIT","SAMSDTX","",7/18/2022,8/17/2022,"PD",7/20/2022,7/20/2022,750,750,0,"",0,0,0,0,0,0,,"","N"
"PD","ONE","UST863717",1919085,"TRHU","620525","DIT","SAMSDTX","",7/18/2022,8/17/2022,"PD",7/20/2022,7/20/2022,4350,4350,0,"",0,0,0,0,0,0,,"","N"
"PD","ONE","UST788284",1909085,"TRHU","778799","SAV","ONEVA","SAMCA",4/19/2022,5/19/2022,"PD",4/20/2022,4/20/2022,2250,0,2250,"Y",0,0,0,0,0,0,,"","N"
"PD","ONE","UST788863",1908528,"KKFU","773659","ATL","ONEVA","",4/20/2022,5/20/2022,"PD",4/20/2022,4/20/2022,2400,0,0,"",0,0,0,0,2400,0,,"","N"
"PD","ONE","UST863633",1914679,"SEGU","444678","ATL","SAMSDTX","",7/18/2022,8/17/2022,"PD",7/20/2022,7/20/2022,5250,5250,0,"",0,0,0,0,0,0,,"","N"
"PD","ONE","UST863714",1917147,"KKFU","783054","DIT","SAMSDTX","",7/18/2022,8/17/2022,"PD",7/20/2022,7/20/2022,150,150,0,"",0,0,0,0,0,0,,"","N"
"PD","ONE","UST863730",1919071,"FFAU","144312","DIT","SAMSDTX","",7/18/2022,8/17/2022,"PD",7/20/2022,7/20/2022,450,450,0,"",0,0,0,0,0,0,,"","N"
"PD","ONE","UST863538",1916963,"GAOU","654914","SAV","ONEVA","",7/18/2022,8/17/2022,"PD",7/20/2022,7/20/2022,5250,5250,0,"",0,0,0,0,0,0,,"","N"
"PD","ONE","UST836550",1914409,"TCNU","411983","DIT","SAMSDTX","SAMSDTX",6/13/2022,7/13/2022,"PD",6/14/2022,6/14/2022,4350,0,4350,"Y",0,0,0,0,0,0,,"","N"
"PD","ONE","UST561214",1884844,"TLLU","162881","ATL","ONEVA","",8/11/2021,9/10/2021,"PD",8/12/2021,8/12/2021,2240,0,0,"",420,0,0,0,1820,0,,"","N"
"PD","ONE","UST863712",1917152,"ONEU","033686","DIT","SAMSDTX","",7/18/2022,8/17/2022,"PD",7/20/2022,7/20/2022,150,150,0,"",0,0,0,0,0,0,,"","N"
"PD","ONE","UST857054",1920750,"BEAU","442817","ATL","PREMICA","",7/9/2022,8/8/2022,"PD",7/12/2022,7/12/2022,150,0,0,"",0,0,0,0,150,0,,"","N"
"PD","ONE","UST833709",1912381,"CXDU","166247","ATL","ONEVA","",6/9/2022,7/9/2022,"PD",6/10/2022,6/10/2022,2850,0,0,"",2850,0,0,0,0,0,,"","N"
"PD","ONE","UST816734",1911316,"TGBU","440078","ATL","ONEVA","",5/19/2022,6/18/2022,"PD",5/20/2022,5/20/2022,1200,0,0,"",0,0,0,0,1200,0,,"","N"
"PD","ONE","UST836392",1910951,"GAOU","652311","ATL","SAMSDTX","SAMSDTX",6/13/2022,7/13/2022,"PD",6/14/2022,6/14/2022,6000,0,6000,"Y",0,0,0,0,0,0,,"","N"
"PD","ONE","UST854254",1915878,"FDCU","056029","ATL","ONEVA","",7/8/2022,8/7/2022,"PD",7/11/2022,7/11/2022,2250,0,0,"",0,0,0,0,2250,0,,"","N"
"PD","ONE","UST862105",1919896,"MOTU","075239","CHI","COOPMO","COOPMO",7/15/2022,8/14/2022,"PD",7/19/2022,7/19/2022,450,0,450,"N",0,0,0,0,0,0,,"","N"
"PD","ONE","UST854258",1915881,"FDCU","059666","ATL","ONEVA","",7/8/2022,8/7/2022,"PD",7/11/2022,7/11/2022,1950,0,0,"",0,0,0,0,1950,0,,"","N"
"PD","ONE","UST858194",1919193,"KKFU","801229","DIT","SAMSDTX","SAMSDTX",7/11/2022,8/10/2022,"PD",7/13/2022,7/13/2022,150,0,150,"N",0,0,0,0,0,0,,"","N"
"PD","ONE","UST858226",1917975,"TRHU","783573","DIT","SAMSDTX","SAMSDTX",7/11/2022,8/10/2022,"PD",7/13/2022,7/13/2022,2400,0,2400,"N",0,0,0,0,0,0,,"","N"
"PD","QFSTROH","A116205",1910660,"DRYU","943185","SAV","ONEVA","SAMCA",7/22/2022,8/21/2022,"PD",7/25/2022,7/25/2022,6450,0,6450,"Y",0,0,0,0,0,0,,"","N"
"MNR","SACPNJ","DR000058096",1916578,"HDMU","681861","ATL","SAMSDTX","",7/6/2022,8/5/2022,"MR",7/6/2022,7/6/2022,280.5,280.5,0,"",0,0,0,0,0,0,,"","N"
"MNR","SACPNJ","DR000058053",1914566,"ONEU","000319","ATL","SAMSDTX","",7/6/2022,8/5/2022,"MR",7/6/2022,7/6/2022,147.75,147.75,0,"",0,0,0,0,0,0,,"","N"
"MNR","SACPNJ","DR000058050",1921333,"SEGU","604355","ATL","SAMSDTX","",7/6/2022,8/5/2022,"MR",7/6/2022,7/6/2022,95.99,95.99,0,"",0,0,0,0,0,0,,"","N"
"MNR","SACPNJ","DR000057964",1920668,"CAAU","663369","ATL","SAMSDTX","",7/1/2022,7/31/2022,"MR",7/6/2022,7/6/2022,798.14,0,0,"",798.14,0,0,0,0,0,,"","N"
"PD","SMLINE","LGT044064",1917041,"CAIU","991460","DIT","SAMSDTX","",6/17/2022,7/17/2022,"PD",7/25/2022,7/25/2022,360,360,0,"",0,0,0,0,0,0,,"","N"
"PD","SMLINE","LGT044430",1915122,"SMCU","106935","CHI","DJSITX","DJSITX",6/28/2022,7/28/2022,"PD",7/5/2022,7/5/2022,2040,0,2040,"N",0,0,0,0,0,0,,"","N"
"MNR","TRACMO","10978",1919151,"CAIU","995577","CHI","SAMSDTX","",7/11/2022,8/10/2022,"MR",7/12/2022,7/12/2022,716.44,0,0,"",716.44,0,0,0,0,0,,"","N"
"RST","UPRC","321250515",1927374,"CMAU","671453","CHI","SAMSDTX","SAMSDTX",7/25/2022,8/24/2022,"RST",7/25/2022,7/25/2022,1550,0,0,"N",0,0,0,0,0,0,,"","N"
"RST","UPRC","321126473",1923814,"TCNU","696067","CHI","SAMSDTX","",7/19/2022,8/18/2022,"RST",7/20/2022,7/20/2022,140,0,0,"",140,0,0,0,0,0,,"","N"
"RST","UPRC","321225535",1917824,"TRHU","465620","MEM","COOPMO","COOPMO",7/25/2022,8/24/2022,"RST",7/25/2022,7/25/2022,1900,0,0,"N",0,0,0,0,0,0,,"","N"
"RST","UPRC","321250516",1927381,"CMAU","767518","CHI","SAMSDTX","",7/25/2022,8/24/2022,"RST",7/25/2022,7/25/2022,225,225,0,"",0,0,0,0,0,0,,"","N"
"RST","UPRC","321250573",1927340,"FFAU","443487","CHI","SAMSDTX","SAMSDTX",7/25/2022,8/24/2022,"RST",7/25/2022,7/25/2022,225,0,0,"N",0,0,0,0,0,0,,"","N"
"RST","UPRC","321090031",1920505,"TGBU","673337","MEM","COOPMO","COOPMO",7/18/2022,8/17/2022,"RST",7/19/2022,7/19/2022,2300,0,0,"N",0,0,0,0,0,0,,"","N"
"RST","UPRC","321081170",1920506,"TRLU","825850","MEM","COOPMO","COOPMO",7/15/2022,8/14/2022,"RST",7/19/2022,7/19/2022,2300,0,0,"N",0,0,0,0,0,0,,"","N"
"RST","UPRC","321131083",1920920,"KOCU","427593","CHI","ARMADPA","ARMADPA",7/19/2022,8/18/2022,"RST",7/20/2022,7/20/2022,140,0,0,"N",0,0,0,0,0,0,,"","N"
"RST","UPRC","321124518",1921588,"BMOU","518163","CHI","ARMADPA","ARMADPA",7/19/2022,8/18/2022,"RST",7/20/2022,7/20/2022,140,0,0,"N",0,0,0,0,0,0,,"","N"
"RST","UPRC","321081188",1917826,"KKFU","781031","MEM","COOPMO","COOPMO",7/15/2022,8/14/2022,"RST",7/19/2022,7/19/2022,2100,0,0,"N",0,0,0,0,0,0,,"","N"
"RST","UPRC","321084277",1920502,"CMAU","584370","MEM","COOPMO","COOPMO",7/18/2022,8/17/2022,"RST",7/19/2022,7/19/2022,2300,0,0,"N",0,0,0,0,0,0,,"","N"
"PD","YANGTX","DT0308672",1915921,"BEAU","448973","DIT","VICIL","",7/18/2022,8/17/2022,"PD",7/20/2022,7/20/2022,5045,5045,0,"",0,0,0,0,0,0,,"","N"
"PD","YANGTX","DT0308674",1916185,"DRYU","976314","CHI","DJSITX","",7/18/2022,8/17/2022,"PD",7/20/2022,7/20/2022,4355,4355,0,"",0,0,0,0,0,0,,"","N"
"PD","YANGTX","DT0308673",1913030,"SEGU","640713","CHI","ARMADPA","",7/18/2022,8/17/2022,"PD",7/20/2022,7/20/2022,680,680,0,"",0,0,0,0,0,0,,"","N"
"PD","YANGTX","DT0308673",1912836,"YMLU","886901","CHI","ARMADPA","",7/18/2022,8/17/2022,"PD",7/20/2022,7/20/2022,850,850,0,"",0,0,0,0,0,0,,"","N"
"PD","YANGTX","DT0308675",1920218,"YMMU","625266","CHI","K&NAMA","",7/18/2022,8/17/2022,"PD",7/20/2022,7/20/2022,340,340,0,"",0,0,0,0,0,0,,"","N"
"PD","YANGTX","DT0308676",1912837,"SEGU","406787","CHI","ARMADPA","",7/18/2022,8/17/2022,"PD",7/21/2022,7/21/2022,2055,2055,0,"",0,0,0,0,0,0,,"","N"
"PD","YANGTX","DT0308672",1915922,"BEAU","506868","DIT","VICIL","",7/18/2022,8/17/2022,"PD",7/20/2022,7/20/2022,6195,6195,0,"",0,0,0,0,0,0,,"","N"
"PD","YANGTX","DT0308671",1920406,"FBLU","024758","SAV","YANGTX3","",7/18/2022,8/17/2022,"PD",7/20/2022,7/20/2022,840,840,0,"",0,0,0,0,0,0,,"","N"
"PD","ZIM","DSAV1730325492",1917857,"ZCSU","760237","ATL","COOPMO","COOPMO",7/11/2022,8/10/2022,"PD",7/11/2022,7/11/2022,1400,0,600,"N",800,0,0,0,0,0,,"","N"
"PD","ZIM","DSAV1730325494",1917859,"ZCSU","675630","ATL","COOPMO","COOPMO",7/11/2022,8/10/2022,"PD",7/11/2022,7/11/2022,1400,0,1000,"N",400,0,0,0,0,0,,"","N"
"PD","ZIM","DSAV1730325495",1915469,"ZCSU","753984","ATL","COOPMO","COOPMO",7/11/2022,8/10/2022,"PD",7/11/2022,7/11/2022,1620,0,1620,"N",0,0,0,0,0,0,,"","N"
"PD","ZIM","DSAV1730325500",1917860,"ZCSU","727795","ATL","COOPMO","COOPMO",7/11/2022,8/10/2022,"PD",7/11/2022,7/11/2022,1400,0,1400,"N",0,0,0,0,0,0,,"","N"
"PD","ZIM","DSAV1730325501",1915394,"TCNU","252373","ATL","COOPMO","COOPMO",7/11/2022,8/10/2022,"PD",7/11/2022,7/11/2022,1000,0,1000,"N",0,0,0,0,0,0,,"","N"
"","ZIM","DSAV1730322297",1914267,"ZCSU","734158","SAV","SAMCA","",6/16/2022,7/16/2022,"PD",6/17/2022,6/17/2022,-800,0,0,"",0,0,0,0,0,0,,"","N"
"PD","ZIM","DSAV1730280181",1903464,"DFSU","653965","ATL","COOPMO","COOPMO",2/22/2022,3/24/2022,"PD",2/23/2022,2/23/2022,1840,0,1840,"N",0,0,0,0,0,0,,"","N"
"PD","ZIM","DSAV1730325497",1917862,"DFSU","694417","ATL","COOPMO","COOPMO",7/11/2022,8/10/2022,"PD",7/11/2022,7/11/2022,1400,0,1000,"N",400,0,0,0,0,0,,"","N"
"PD","ZIM","DSAV1730325276",1921287,"ZCSU","657381","SAV","SCHECA","",7/8/2022,8/7/2022,"PD",7/8/2022,7/8/2022,150,150,0,"",0,0,0,0,0,0,,"","N"
"PD","ZIM","DSAV1730325493",1917855,"ZCSU","700163","ATL","COOPMO","COOPMO",7/11/2022,8/10/2022,"PD",7/11/2022,7/11/2022,2060,0,1180,"N",880,0,0,0,0,0,,"","N"
"PD","ZIM","DSAV1730325496",1917861,"ZCSU","724540","ATL","COOPMO","COOPMO",7/11/2022,8/10/2022,"PD",7/11/2022,7/11/2022,800,0,800,"N",0,0,0,0,0,0,,"","N"
"PD","ZIM","DSAV1730325502",1915391,"CRSU","907660","ATL","COOPMO","COOPMO",7/11/2022,8/10/2022,"PD",7/11/2022,7/11/2022,3160,0,800,"N",2360,0,0,0,0,0,,"","N"
"PD","ZIM","DSAV1730325499",1917863,"ZCSU","747610","ATL","COOPMO","COOPMO",7/11/2022,8/10/2022,"PD",7/11/2022,7/11/2022,800,0,800,"N",0,0,0,0,0,0,,"","N"
"PD","ZIM","DSAV1730325236",1921292,"ZCSU","756386","SAV","SCHECA","",7/8/2022,8/7/2022,"PD",7/8/2022,7/8/2022,300,300,0,"",0,0,0,0,0,0,,"","N"
"PD","ZIM","DSAV1730325237",1921288,"ZCSU","738857","SAV","SCHECA","",7/8/2022,8/7/2022,"PD",7/8/2022,7/8/2022,150,150,0,"",0,0,0,0,0,0,,"","N"
"PD","ZIM","DSAV1730323987",1920612,"ZCSU","727966","ATL","DPOWGA","DPOWGA",7/5/2022,8/4/2022,"PD",7/5/2022,7/5/2022,150,0,150,"Y",0,0,0,0,0,0,,"","N"
"PD","ZIM","DSAV1730325483",1915393,"TCNU","878151","ATL","COOPMO","COOPMO",7/11/2022,8/10/2022,"PD",7/11/2022,7/11/2022,2060,0,1400,"N",660,0,0,0,0,0,,"","N"
"PD","ZIM","DSAV1730325479",1915392,"TGBU","723400","ATL","COOPMO","COOPMO",7/11/2022,8/10/2022,"PD",7/11/2022,7/11/2022,2280,0,1180,"N",1100,0,0,0,0,0,,"","N"
"PD","ZIM","DSAV1730325235",1921284,"ZCSU","798033","SAV","SCHECA","",7/8/2022,8/7/2022,"PD",7/8/2022,7/8/2022,1200,1200,0,"",0,0,0,0,0,0,,"","N"
"PD","ZIM","DSAV1730325498",1917864,"TLLU","459408","ATL","COOPMO","COOPMO",7/11/2022,8/10/2022,"PD",7/11/2022,7/11/2022,1400,0,600,"N",800,0,0,0,0,0,,"","N"
"PD","ZIM","DSAV1730325482",1914662,"ZCSU","794690","ATL","COOPMO","COOPMO",7/11/2022,8/10/2022,"PD",7/11/2022,7/11/2022,2060,0,300,"N",1760,0,0,0,0,0,,"","N"
"","ZIM","DSAV1730322309",1914242,"ZCSU","855171","SAV","SAMCA","",6/16/2022,7/16/2022,"PD",7/5/2022,7/5/2022,-2940,0,0,"",0,0,0,0,0,0,,"","N"
"PD","ZIM","DSAV1730325477",1914960,"GAOU","608146","ATL","COOPMO","COOPMO",7/11/2022,8/10/2022,"PD",7/11/2022,7/11/2022,3380,0,600,"N",2780,0,0,0,0,0,,"","N"
""
"Note: From table  where UPPER(CARRIER_ID) <> 'EFS' AND UPPER(MPA_CARR_REF) <> 'CREDIT CARD' AND SPAID IS NULL  AND UPPER(HOLDSETTS) LIKE 'N%'."
"Date: 07/25/2022 15:20"
