"TERMINAL","RECNO","EL_DIV","EL_PR","EL_DDP","EL_ID","EL_PB","EL_PB_BILL_INFO","EL_TPP","PREFIX_CTNR","CONTAINERNO","ADJAMOUNT","VCC","ORIG_BILLTOID","CONSIGNEE","INV_DATE","DUE_DATE","DELVDATE","INGATEDATE","EMPTY_NOTIFIED","CARRIER_ID","MPA_CARR_REF","PPWK_RECVD","NBA_CHANGE","SPAID","EL_NBA"
"ATL",1914838,"MNR",253.5,0,0,0,"",0,"HMMU","608722",253.5,"Y","SAMSDTX","LOWE'S ADC 3468",5/31/2022,6/30/2022,4/26/2022,5/27/2022,5/11/2022,"DOWNGA","397080",5/31/2022,,7/12/2022,0
"ATL",1900318,"MNR",1955.79,0,0,0,"",0,"TGBU","674436",1955.79,"N","CMAVA","Wingard Quality Supply",2/8/2022,3/10/2022,11/17/2021,11/17/2021,,"DOWNGA","379031",2/8/2022,,4/6/2022,0
"ATL",1916578,"MNR",280.5,0,0,0,"",0,"HDMU","681861",280.5,"Y","SAMSDTX","LOWE'S ADC 3468",7/6/2022,8/5/2022,5/25/2022,6/22/2022,6/7/2022,"SACPNJ","DR000058096",7/6/2022,,,0
"ATL",1904068,"MNR",279.46,0,0,0,"",0,"BEAU","478147",279.46,"Y","CMAVA","NEOVIA LOGISTICS",5/24/2022,6/23/2022,1/1/2022,3/31/2022,3/14/2022,"SACPNJ","DR000056129",5/27/2022,,6/14/2022,0
"ATL",1914566,"MNR",147.75,0,0,0,"",0,"ONEU","000319",147.75,"Y","SAMSDTX","LOWE'S ADC 3468",7/6/2022,8/5/2022,5/23/2022,6/6/2022,5/27/2022,"SACPNJ","DR000058053",7/6/2022,,,0
"ATL",1911356,"MNR",170,0,0,0,"",0,"UETU","227588",170,"N","ROARNY","CASESTACK",5/19/2022,6/18/2022,3/23/2022,4/12/2022,3/29/2022,"DOWNGA","395739",5/20/2022,,6/14/2022,0
"ATL",1909949,"MNR",286.2,0,0,0,"",0,"CMAU","418780",286.2,"Y","CMAVA","NEOVIA LOGISTICS",3/9/2022,4/8/2022,3/12/2022,3/31/2022,3/21/2022,"HDTIRE2","2159",6/1/2022,,6/1/2022,0
"ATL",1920673,"PD",1760,0,0,0,"",0,"TCKU","642095",1760,"Y","SAMSDTX","LOWE'S ADC 3468",7/20/2022,8/19/2022,6/3/2022,6/30/2022,6/27/2022,"MAERNC","5260491575",7/20/2022,,,0
"ATL",1908724,"MNR",349.8,0,0,0,"",0,"NYKU","400669",349.8,"N","QUARTNY","SOUTHERN TIRE MART-BIRMINGHAM",3/30/2022,4/29/2022,3/31/2022,3/31/2022,,"HDTIRE2","91",6/1/2022,,6/1/2022,0
"ATL",1906804,"MNR",494.24,0,0,0,"",0,"HLBU","171371",494.24,"N","QUARTCA","CHATTAHOOCHEE VALLEY CROSS DOCKS &",6/6/2022,7/6/2022,3/31/2022,3/31/2022,,"SACPNJ","DR000056524",6/7/2022,,7/5/2022,0
"ATL",1920670,"PD",1320,0,0,0,"",0,"MRSU","371664",1320,"Y","SAMSDTX","LOWE'S ADC 3468",7/20/2022,8/19/2022,6/6/2022,6/28/2022,6/10/2022,"MAERNC","5260491574",7/20/2022,,,0
"ATL",1920669,"PD",1320,0,0,0,"",0,"MRKU","619976",1320,"Y","SAMSDTX","LOWE'S ADC 3468",7/20/2022,8/19/2022,6/3/2022,6/28/2022,6/27/2022,"MAERNC","5260491573",7/20/2022,,,0
"ATL",1900935,"MNR",676,0,0,0,"",0,"TGHU","639726",676,"Y","CMAVA","XPEDX, SUWANEE GA",5/12/2022,6/11/2022,1/6/2022,1/7/2022,,"SACPNJ","DR000055780",5/12/2022,,6/14/2022,0
"ATL",1924210,"MNR",65.32,0,0,0,"",0,"SEGU","600530",65.32,"Y","SAMSDTX","LOWE'S ADC 3468",7/13/2022,8/12/2022,7/13/2022,,7/18/2022,"ACTIOGA","511605",7/21/2022,,,0
"ATL",1921333,"MNR",95.99,0,0,0,"",0,"SEGU","604355",95.99,"Y","SAMSDTX","LOWES ADC 3461",7/6/2022,8/5/2022,6/10/2022,6/14/2022,,"SACPNJ","DR000058050",7/6/2022,,,0
"ATL",1921296,"MNR",283.5,0,0,0,"",0,"GESU","646936",283.5,"Y","SAMSDTX","LOWES ADC 3461",7/22/2022,8/21/2022,6/14/2022,7/1/2022,6/28/2022,"DOWNGA","403396",7/22/2022,,,0
"ATL",1918462,"MNR",475,0,0,0,"",0,"CMAU","752463",475,"Y","SAMSDTX","LOWE'S ADC 3468",7/9/2022,8/8/2022,6/6/2022,6/9/2022,,"DOWNGA","402419",7/11/2022,,,0
"ATL",1924256,"RST",75,0,0,0,"",0,"TLLU","519781",75,"N","COOPMO","COOPER LIGHTING c/o CASS",7/20/2022,8/19/2022,7/21/2022,,,"CSXGA","VIRTUAL CARD 2",7/20/2022,,7/20/2022,0
"ATL",1917352,"MNR",185,0,0,0,"",0,"CAIU","993616",185,"N","QUARTCA","FORBUS MANUFACTURING",6/19/2022,7/19/2022,5/24/2022,5/31/2022,,"DOWNGA","400282",6/20/2022,,,0
"ATL",1908703,"MNR",190.16,0,0,0,"",0,"DRYU","956693",190.16,"N","COOPMO","COOPER LIGHTING c/o CASS",6/6/2022,7/6/2022,3/4/2022,4/11/2022,,"SACPNJ","DR000056527",6/7/2022,,7/5/2022,0
"ATL",1918830,"MNR",1050,0,0,0,"",0,"TEMU","827060",1050,"N","QUARTNY","SOUTHERN TIRE MART-BIRMINGHAM",7/9/2022,8/8/2022,6/16/2022,6/16/2022,,"DOWNGA","402478",7/11/2022,,,0
"ATL",1914987,"PD",4400,0,0,0,"",0,"MSKU","139597",4400,"N","COOPMO","COOPER LIGHTING c/o CASS",7/6/2022,8/5/2022,5/16/2022,6/14/2022,5/23/2022,"MAERNC","5260389577",7/25/2022,,,0
"ATL",1918034,"MNR",475,0,0,0,"",0,"CMAU","776345",475,"Y","SAMSDTX","LOWE'S ADC 3468",7/9/2022,8/8/2022,5/17/2022,6/21/2022,6/2/2022,"DOWNGA","402807",7/11/2022,,,0
"ATL",1914679,"PD",5250,0,0,0,"",0,"SEGU","444678",5250,"Y","SAMSDTX","LOWE'S 3375",7/18/2022,8/17/2022,5/17/2022,7/11/2022,,"ONE","UST863633",7/20/2022,,,0
"ATL",1913212,"MNR",384.8,0,0,0,"",0,"TCLU","920008",384.8,"N","ONEVA","TATSUMI GATEWAY",3/30/2022,4/29/2022,3/31/2022,3/31/2022,,"HDTIRE2","90",6/1/2022,,6/1/2022,0
"ATL",1920649,"PD",300,0,0,0,"",0,"FFAU","364903",300,"Y","SAMSDTX","LOWE'S ADC 3468",7/18/2022,8/17/2022,6/27/2022,7/14/2022,7/11/2022,"ONE","UST863652",7/20/2022,,,0
"CHI",1923631,"PD",640,0,0,0,"",0,"TCLU","509422",640,"N","DJSITX","PARTNERS FULFILLMENT",7/22/2022,8/21/2022,7/8/2022,7/18/2022,7/15/2022,"HAPAGA","2121288257",7/22/2022,,,0
"CHI",1916185,"PD",4355,0,0,0,"",0,"DRYU","976314",4355,"N","DJSITX","PARTNERS FULFILLMENT",7/18/2022,8/17/2022,6/23/2022,7/1/2022,6/27/2022,"YANGTX","DT0308674",7/20/2022,,,0
"CHI",1919347,"PD",80,0,0,0,"",0,"TCLU","495635",80,"N","ARMADPA","BNSF LPC Logistics Park (H572)",7/20/2022,8/19/2022,7/11/2022,7/18/2022,,"EVERTX","PF2207021971",7/20/2022,,,0
"CHI",1919277,"PD",20,0,0,0,"",0,"TGBU","448452",20,"N","ARMADPA","ROMEOVILLE IL HUB",7/20/2022,8/19/2022,7/6/2022,7/13/2022,,"EVERTX","PF2207022284",7/20/2022,,,0
"CHI",1912837,"PD",2055,0,0,0,"",0,"SEGU","406787",2055,"N","ARMADPA","ROMEOVILLE IL HUB",7/18/2022,8/17/2022,5/11/2022,5/31/2022,5/12/2022,"YANGTX","DT0308676",7/21/2022,,,0
"CHI",1912836,"PD",850,0,0,0,"",0,"YMLU","886901",850,"N","ARMADPA","ROMEOVILLE IL HUB",7/18/2022,8/17/2022,5/19/2022,6/2/2022,5/24/2022,"YANGTX","DT0308673",7/20/2022,,,0
"CHI",1920218,"PD",340,0,0,0,"",0,"YMMU","625266",340,"N","K&NAMA","SYSMEX REAGENTS AMERICA, INC",7/18/2022,8/17/2022,6/1/2022,6/9/2022,,"YANGTX","DT0308675",7/20/2022,,,0
"CHI",1919458,"PD",3960,0,0,0,"",0,"TRHU","744695",3960,"Y","SAMSDTX","NEOVIA LOGISTICS - A58",7/20/2022,8/19/2022,5/18/2022,6/25/2022,,"MAERNC","5260491571",7/20/2022,,,0
"CHI",1914952,"MNR",394.04,0,0,0,"",0,"TXGU","526971",394.04,"Y","CMAVA","ABT ELECTRONICS",7/18/2022,8/17/2022,7/12/2022,7/12/2022,,"INTIND","C243054",7/20/2022,,,0
"CHI",1913030,"PD",680,0,0,0,"",0,"SEGU","640713",680,"N","ARMADPA","ROMEOVILLE IL HUB",7/18/2022,8/17/2022,5/20/2022,6/2/2022,5/24/2022,"YANGTX","DT0308673",7/20/2022,,,0
"DAL",1900452,"MNR",326.88,0,0,0,"",0,"TCLU","592841",326.88,"Y","CMAVA","LOWE'S ADC 3270",3/7/2022,3/28/2022,11/17/2021,11/27/2021,11/22/2021,"DIRECT","MR0047271",3/9/2022,,5/10/2022,0
"DIT",1917155,"PD",3300,0,0,0,"",0,"TRHU","590895",3300,"Y","SAMSDTX","NEOVIA LOGISTICS - A59",7/18/2022,8/17/2022,7/1/2022,7/11/2022,7/5/2022,"ONE","UST863704",7/20/2022,,,0
"DIT",1917960,"PD",3900,0,0,0,"",0,"SEKU","442430",3900,"Y","SAMSDTX","NEOVIA LOGISTICS - A59",7/18/2022,8/17/2022,7/1/2022,7/16/2022,7/5/2022,"ONE","UST863549",7/20/2022,,,0
"DIT",1917962,"PD",4200,0,0,0,"",0,"TCKU","793028",4200,"Y","SAMSDTX","NEOVIA LOGISTICS - A59",7/18/2022,8/17/2022,7/1/2022,7/16/2022,7/6/2022,"ONE","UST863564",7/20/2022,,,0
"DIT",1917154,"PD",300,0,0,0,"",0,"TRHU","586657",300,"Y","SAMSDTX","UNIS ROANOKE",7/18/2022,8/17/2022,7/8/2022,7/13/2022,,"ONE","UST863707",7/20/2022,,,0
"DIT",1915920,"PD",340,0,0,0,"",0,"BMOU","615011",340,"N","VICIL","IDC",7/18/2022,8/17/2022,6/17/2022,6/17/2022,,"YANGTX","DT0308672",7/25/2022,,,0
"DIT",1917147,"PD",150,0,0,0,"",0,"KKFU","783054",150,"Y","SAMSDTX","UNIS ROANOKE",7/18/2022,8/17/2022,7/8/2022,7/12/2022,7/11/2022,"ONE","UST863714",7/20/2022,,,0
"DIT",1915922,"PD",6195,0,0,0,"",0,"BEAU","506868",6195,"N","VICIL","IDC",7/18/2022,8/17/2022,6/22/2022,6/22/2022,,"YANGTX","DT0308672",7/20/2022,,,0
"DIT",1917964,"PD",3600,0,0,0,"",0,"TCLU","549138",3600,"Y","SAMSDTX","NEOVIA LOGISTICS - A59",7/18/2022,8/17/2022,6/27/2022,7/14/2022,7/5/2022,"ONE","UST863556",7/20/2022,,,0
"DIT",1917965,"PD",4200,0,0,0,"",0,"TCLU","861921",4200,"Y","SAMSDTX","NEOVIA LOGISTICS - A59",7/18/2022,8/17/2022,7/1/2022,7/16/2022,7/5/2022,"ONE","UST863553",7/20/2022,,,0
"DIT",1917970,"PD",4200,0,0,0,"",0,"TEMU","787783",4200,"Y","SAMSDTX","NEOVIA LOGISTICS - A59",7/18/2022,8/17/2022,7/1/2022,7/16/2022,7/6/2022,"ONE","UST863558",7/20/2022,,,0
"DIT",1919079,"PD",3900,0,0,0,"",0,"TCNU","552974",3900,"Y","SAMSDTX","NEOVIA LOGISTICS - A59",7/18/2022,8/17/2022,7/1/2022,7/12/2022,7/5/2022,"ONE","UST863721",7/20/2022,,,0
"DIT",1919081,"PD",150,0,0,0,"",0,"TCNU","806991",150,"Y","SAMSDTX","UNIS ROANOKE",7/18/2022,8/17/2022,7/8/2022,7/13/2022,,"ONE","UST863724",7/20/2022,,,0
"DIT",1919085,"PD",4350,0,0,0,"",0,"TRHU","620525",4350,"Y","SAMSDTX","NEOVIA LOGISTICS - A59",7/18/2022,8/17/2022,7/1/2022,7/15/2022,7/5/2022,"ONE","UST863717",7/20/2022,,,0
"DIT",1922392,"PD",150,0,0,0,"",0,"TLLU","544341",150,"Y","SAMSDTX","UNIS ROANOKE",7/18/2022,8/17/2022,7/8/2022,7/15/2022,7/14/2022,"ONE","UST863578",7/20/2022,,,0
"DIT",1922621,"PD",450,0,0,0,"",0,"TRHU","522188",450,"Y","SAMSDTX","NEOVIA LOGISTICS - A59",7/18/2022,8/17/2022,7/1/2022,7/16/2022,7/6/2022,"ONE","UST863685",7/20/2022,,,0
"DIT",1915921,"PD",5045,0,0,0,"",0,"BEAU","448973",5045,"N","VICIL","IDC",7/18/2022,8/17/2022,6/16/2022,6/18/2022,,"YANGTX","DT0308672",7/20/2022,,,0
"DIT",1919236,"PD",4050,0,0,0,"",0,"TCNU","485948",4050,"Y","SAMSDTX","NEOVIA LOGISTICS - A59",7/18/2022,8/17/2022,7/1/2022,7/16/2022,7/5/2022,"ONE","UST863544",7/20/2022,,,0
"DIT",1920364,"PD",750,0,0,0,"",0,"TCNU","614100",750,"Y","SAMSDTX","UNIS ROANOKE",7/18/2022,8/17/2022,7/7/2022,7/15/2022,,"ONE","UST863731",7/20/2022,,,0
"DIT",1917152,"PD",150,0,0,0,"",0,"ONEU","033686",150,"Y","SAMSDTX","UNIS ROANOKE",7/18/2022,8/17/2022,7/8/2022,7/12/2022,7/12/2022,"ONE","UST863712",7/20/2022,,,0
"DIT",1917041,"PD",360,0,0,0,"",0,"CAIU","991460",360,"Y","SAMSDTX","NEOVIA LOGISTICS - A59",6/17/2022,7/17/2022,6/2/2022,6/7/2022,6/6/2022,"SMLINE","LGT044064",7/25/2022,,,0
"DIT",1908857,"MNR",322.8,0,0,0,"",0,"KOCU","433034",322.8,"Y","HYUNTX","NEOVIA LOGISTICS - A59",5/11/2022,6/1/2022,2/25/2022,2/28/2022,2/28/2022,"DIRECT","MR0048657",5/12/2022,,6/7/2022,0
"DIT",1917148,"PD",150,0,0,0,"",0,"NYKU","565406",150,"Y","SAMSDTX","UNIS ROANOKE",7/18/2022,8/17/2022,7/7/2022,7/12/2022,7/12/2022,"ONE","UST863700",7/20/2022,,,0
"DIT",1917963,"PD",150,0,0,0,"",0,"TCLU","156020",150,"Y","SAMSDTX","UNIS ROANOKE",7/18/2022,8/17/2022,7/8/2022,7/15/2022,,"ONE","UST863561",7/20/2022,,,0
"DIT",1919071,"PD",450,0,0,0,"",0,"FFAU","144312",450,"Y","SAMSDTX","UNIS ROANOKE",7/18/2022,8/17/2022,7/8/2022,7/15/2022,7/14/2022,"ONE","UST863730",7/20/2022,,,0
"JAX",1913946,"MNR",460,0,0,0,"",0,"TLLU","479146",460,"Y","CMAVA","SAMSUNG ELECTRONICS AMERICA",6/9/2022,7/9/2022,4/19/2022,5/12/2022,4/20/2022,"DOWNGA","397778",6/10/2022,,7/19/2022,0
"MEM",1921453,"PD",40,0,0,0,"",0,"CAAU","507370",40,"N","EVERSC","MEDEGEN MEDICAL",7/1/2022,7/31/2022,6/15/2022,6/23/2022,6/22/2022,"EVERTX","PF2207002008",7/7/2022,,,0
"MEM",1919999,"PD",185,0,0,0,"",0,"MSMU","844753",185,"N","MEDSC","MEDEGEN MEDICAL",7/12/2022,8/11/2022,5/24/2022,6/3/2022,5/31/2022,"MSCSC","100001814798P",7/14/2022,,,0
"MEM",1915775,"PD",1350,0,0,0,"",0,"TCLU","596981",1350,"N","QUARTNY","TIRE FACTORY INC",7/9/2022,8/8/2022,6/17/2022,6/17/2022,,"ONE","UST856821",7/12/2022,,,0
"MEM",1905690,"PD",170,0,0,0,"",0,"MSKU","185341",170,"N","COOPMO","COOPER LIGHTING",5/31/2022,6/30/2022,4/26/2022,5/5/2022,5/2/2022,"MAERNC","5260161058",5/31/2022,,6/9/2022,0
"MEM",1901776,"MNR",205.86,0,0,0,"",0,"TCNU","560471",205.86,"Y","ONEVA","LOWE'S ADC 3367",4/8/2022,5/8/2022,1/13/2022,1/20/2022,1/17/2022,"MCCPLLC","DR000054360",4/11/2022,,4/26/2022,0
"MEM",1922751,"PD",375,0,0,0,"",0,"FFAU","244180",375,"N","PILLACA","BUDGE INDUSTRIES, LLC",7/6/2022,8/5/2022,6/29/2022,7/1/2022,6/30/2022,"COSCNJ","HOU00211925",7/6/2022,,,0
"MEM",1917066,"RST",150,0,0,0,"",0,"BEAU","512647",150,"N","OOCLIL","MEDEGEN MEDICAL",6/10/2022,7/10/2022,6/8/2022,6/14/2022,6/13/2022,"BNSIL","652621575",6/10/2022,,6/14/2022,0
"MEM",1918071,"PD",380,0,0,0,"",0,"MSKU","953411",380,"N","COOPMO","COOPER LIGHTING",7/18/2022,8/17/2022,6/10/2022,6/22/2022,6/21/2022,"MAERNC","5260473844",7/19/2022,,,0
"MEM",1921451,"PD",60,0,0,0,"",0,"FSCU","829764",60,"N","EVERSC","MEDEGEN MEDICAL",7/1/2022,7/31/2022,6/14/2022,6/23/2022,6/21/2022,"EVERTX","PF2207002282",7/7/2022,,,0
"MEM",1906807,"MNR",185.58,0,0,0,"",0,"MOAU","074122",185.58,"N","DJSITX","LCB BATTERY LLC",4/21/2022,5/21/2022,2/18/2022,2/18/2022,,"MCCPLLC","DR000054864",4/25/2022,,5/17/2022,0
"MEM",1920549,"PD",740,0,0,0,"",0,"MSMU","645524",740,"N","MEDSC","MEDEGEN MEDICAL",7/13/2022,8/12/2022,5/25/2022,6/7/2022,6/2/2022,"MSCSC","100001819101P",7/15/2022,,,0
"MEM",1916890,"MNR",475,0,0,0,"",0,"KKTU","800268",475,"N","DJSITX","MTD PRODUCTS",7/9/2022,8/8/2022,6/2/2022,6/2/2022,,"DOWNGA","401363",7/11/2022,,,0
"MEM",1919997,"PD",185,0,0,0,"",0,"MSMU","736231",185,"N","MEDSC","MEDEGEN MEDICAL",7/12/2022,8/11/2022,5/24/2022,6/2/2022,5/31/2022,"MSCSC","100001814797P",7/14/2022,,,0
"MEM",1908808,"MNR",537.97,0,0,0,"",0,"ZCSU","875254",537.97,"N","COOPMO","COOPER LIGHTING",5/27/2022,6/26/2022,4/22/2022,5/2/2022,4/28/2022,"INTNAMI","23005501",6/1/2022,,6/14/2022,0
"MEM",1918555,"PD",40,0,0,0,"",0,"EGHU","986121",40,"N","EVERSC","MEDEGEN MEDICAL",5/26/2022,6/25/2022,5/12/2022,5/20/2022,5/13/2022,"EVERTX","PF2205029266",5/31/2022,,7/12/2022,0
"MEM",1914892,"MNR",490,0,0,0,"",0,"CBHU","869303",490,"N","HECNY","JONES COMPANIES LIMITED",7/22/2022,8/21/2022,5/18/2022,5/19/2022,,"DOWNGA","399374",7/22/2022,,,0
"MEM",1902625,"MNR",184.8,0,0,0,"",0,"TGHU","985639",184.8,"N","USPACA","MINTH TENNESSEE INTERNATIONAL",4/25/2022,5/25/2022,1/11/2022,1/13/2022,,"MCCPLLC","DR000054978",4/25/2022,,5/17/2022,0
"MEM",1911726,"PD",135,0,0,0,"",0,"TGCU","510246",135,"N","COOPMO","COOPER LIGHTING",5/26/2022,6/25/2022,5/4/2022,5/10/2022,,"MSCSC","100001729917P",5/31/2022,,7/13/2022,0
"MEM",1917158,"PD",135,0,0,0,"",0,"CAIU","780723",135,"N","COOPMO","COOPER LIGHTING",6/7/2022,7/7/2022,5/25/2022,5/31/2022,5/27/2022,"MSCSC","100001780901P",6/9/2022,,7/21/2022,0
"MEM",1916913,"PD",135,0,0,0,"",0,"TRHU","749802",135,"N","COOPMO","COOPER LIGHTING",7/12/2022,8/11/2022,5/26/2022,5/31/2022,6/1/2022,"MSCSC","100001814787P",7/14/2022,,,0
"MEM",1915716,"PD",270,0,0,0,"",0,"INKU","648539",270,"N","COOPMO","COOPER LIGHTING",7/12/2022,8/11/2022,5/26/2022,6/2/2022,6/1/2022,"MSCSC","100001814141P",7/14/2022,,,0
"MEM",1915450,"PD",2940,0,0,0,"",0,"WFHU","517625",2940,"N","HECNY","FXI INNOCOR INC (COLDWATER)",6/7/2022,7/7/2022,6/2/2022,6/3/2022,,"ZIM","DSAV1730318685",6/9/2022,,7/13/2022,0
"MEM",1915257,"PD",725,0,0,0,"",0,"TCNU","716561",725,"N","COOPMO","COOPER LIGHTING",5/12/2022,6/11/2022,4/15/2022,4/25/2022,4/21/2022,"MSCSC","100001685047P",5/18/2022,,7/13/2022,0
"MEM",1914889,"PD",125,0,0,0,"",0,"OOCU","498348",125,"N","HECNY","FXI INNOCOR INC (BALDWYN)",5/26/2022,6/25/2022,5/24/2022,5/24/2022,,"COSCNJ","HOU00102963",5/27/2022,,6/16/2022,0
"MEM",1914033,"PD",405,0,0,0,"",0,"MSDU","706905",405,"N","COOPMO","COOPER LIGHTING",5/26/2022,6/25/2022,5/3/2022,5/9/2022,5/4/2022,"MSCSC","100001729975P",5/31/2022,,7/13/2022,0
"MEM",1913373,"PD",600,0,0,0,"",0,"ZCSU","673577",600,"N","HECNY","FXI INNOCOR INC (COLDWATER)",5/25/2022,6/24/2022,5/9/2022,5/9/2022,,"ZIM","DSAV1730315241",5/27/2022,,7/13/2022,0
"MEM",1912982,"PD",800,0,0,0,"",0,"ZCSU","746132",800,"N","COOPMO","COOPER LIGHTING",5/16/2022,6/15/2022,4/18/2022,4/26/2022,,"ZIM","DSAV1730311915",5/17/2022,,6/15/2022,0
"MEM",1925212,"PD",380,0,0,0,"",0,"TEMU","889525",380,"N","EVERSC","MEDEGEN MEDICAL",7/18/2022,8/17/2022,7/1/2022,7/13/2022,7/12/2022,"EVERTX","PF2207018407",7/19/2022,,,0
"MEM",1920547,"PD",800,0,0,0,"",0,"TCNU","143788",800,"N","MEDSC","MEDEGEN MEDICAL",7/13/2022,8/12/2022,5/25/2022,6/6/2022,6/2/2022,"MSCSC","100001819099P",7/15/2022,,,0
"MEM",1911724,"PD",405,0,0,0,"",0,"MEDU","801581",405,"N","COOPMO","COOPER LIGHTING",5/26/2022,6/25/2022,5/4/2022,5/9/2022,5/6/2022,"MSCSC","100001729916P",5/31/2022,,7/13/2022,0
"MEM",1911007,"PD",1800,0,0,0,"",0,"TRLU","699975",1800,"N","QUARTNY","TIRE FACTORY INC",6/2/2022,7/2/2022,5/27/2022,5/27/2022,,"ONE","UST828764",6/3/2022,,7/21/2022,0
"MEM",1908808,"PD",800,0,0,0,"",0,"ZCSU","875254",800,"N","COOPMO","COOPER LIGHTING",5/16/2022,6/15/2022,4/22/2022,5/2/2022,4/28/2022,"ZIM","DSAV1730311951",5/17/2022,,6/15/2022,0
"MEM",1906305,"PD",190,0,0,0,"",0,"TCNU","432907",190,"N","COOPMO","COOPER LIGHTING",5/27/2022,6/26/2022,4/25/2022,5/4/2022,4/28/2022,"MAERNC","5260138552",5/27/2022,,6/9/2022,0
"MEM",1921448,"PD",60,0,0,0,"",0,"EISU","836018",60,"N","EVERSC","MEDEGEN MEDICAL",7/1/2022,7/31/2022,6/14/2022,6/23/2022,6/21/2022,"EVERTX","PF2207002276",7/7/2022,,,0
"MEM",1921449,"PD",100,0,0,0,"",0,"TLLU","579264",100,"N","EVERSC","MEDEGEN MEDICAL",7/1/2022,7/31/2022,6/13/2022,6/22/2022,6/15/2022,"EVERTX","PF2207001904",7/7/2022,,,0
"MEM",1921452,"PD",60,0,0,0,"",0,"EITU","935096",60,"N","EVERSC","MEDEGEN MEDICAL",7/1/2022,7/31/2022,6/14/2022,6/23/2022,6/17/2022,"EVERTX","PF2207002334",7/7/2022,,,0
"MEM",1902625,"MNR",148.92,0,0,0,"",0,"TGHU","985639",148.92,"N","USPACA","MINTH TENNESSEE INTERNATIONAL",4/1/2022,5/1/2022,1/11/2022,1/13/2022,,"MCCPLLC","DR000054000",4/1/2022,,4/26/2022,0
"MEM",1914035,"PD",405,0,0,0,"",0,"MSDU","759406",405,"N","COOPMO","COOPER LIGHTING",5/26/2022,6/25/2022,5/3/2022,5/9/2022,5/6/2022,"MSCSC","100001729976P",5/31/2022,,7/13/2022,0
"MEM",1912297,"PD",135,0,0,0,"",0,"TGHU","916827",135,"N","COOPMO","COOPER LIGHTING",5/24/2022,6/23/2022,4/27/2022,5/3/2022,4/28/2022,"MSCSC","100001715583P",5/27/2022,,7/13/2022,0
"MEM",1919998,"PD",185,0,0,0,"",0,"TGBU","667323",185,"N","MEDSC","MEDEGEN MEDICAL",7/12/2022,8/11/2022,5/24/2022,6/2/2022,5/31/2022,"MSCSC","100001814796P",7/14/2022,,,0
"MEM",1920078,"PD",1200,0,0,0,"",0,"GCXU","524042",1200,"N","QUARTNY","TIRE FACTORY INC",7/14/2022,8/13/2022,7/7/2022,7/7/2022,,"ONE","UST861379",7/15/2022,,,0
"MEM",1920548,"PD",800,0,0,0,"",0,"MSMU","838815",800,"N","MEDSC","MEDEGEN MEDICAL",7/13/2022,8/12/2022,5/25/2022,6/6/2022,6/2/2022,"MSCSC","100001819100P",7/15/2022,,,0
"MEM",1925214,"PD",380,0,0,0,"",0,"TRHU","708578",380,"N","EVERSC","MEDEGEN MEDICAL",7/18/2022,8/17/2022,7/1/2022,7/13/2022,7/12/2022,"EVERTX","PF2207018172",7/19/2022,,,0
"MEM",1905689,"PD",510,0,0,0,"",0,"SUDU","899034",510,"N","COOPMO","COOPER LIGHTING",5/31/2022,6/30/2022,4/25/2022,5/7/2022,4/28/2022,"MAERNC","5260161058",5/31/2022,,6/9/2022,0
"MEM",1911006,"PD",1500,0,0,0,"",0,"TCLU","630989",1500,"N","QUARTNY","TIRE FACTORY INC",6/2/2022,7/2/2022,5/24/2022,5/24/2022,,"ONE","UST828762",6/3/2022,,7/21/2022,0
"MEM",1911010,"PD",405,0,0,0,"",0,"TCLU","186531",405,"N","COOPMO","COOPER LIGHTING",5/12/2022,6/11/2022,4/14/2022,4/22/2022,4/20/2022,"MSCSC","100001680324P",5/18/2022,,7/13/2022,0
"MEM",1917849,"PD",2140,0,0,0,"",0,"MSDU","888372",2140,"N","HECNY","FXI INNOCOR INC (COLDWATER)",7/13/2022,8/12/2022,6/6/2022,6/7/2022,,"MSCSC","100001818493P",7/15/2022,,,0
"MEM",1912719,"PD",270,0,0,0,"",0,"FSCU","617304",270,"N","COOPMO","COOPER LIGHTING",5/12/2022,6/11/2022,4/14/2022,4/21/2022,4/20/2022,"MSCSC","100001675898P",5/18/2022,,7/13/2022,0
"MEM",1913225,"PD",150,0,0,0,"",0,"TCNU","683200",150,"N","COOPMO","COOPER LIGHTING",5/16/2022,6/15/2022,4/22/2022,4/27/2022,4/27/2022,"ZIM","DSAV1730311975",5/17/2022,,6/15/2022,0
"MEM",1913374,"PD",800,0,0,0,"",0,"ZCSU","791124",800,"N","HECNY","FXI INNOCOR INC (COLDWATER)",5/25/2022,6/24/2022,5/10/2022,5/10/2022,,"ZIM","DSAV1730315238",5/27/2022,,7/13/2022,0
"MEM",1913376,"PD",3820,0,0,0,"",0,"ZCSU","868816",3820,"N","HECNY","FXI INNOCOR INC (COLDWATER)",6/7/2022,7/7/2022,5/20/2022,5/24/2022,5/24/2022,"ZIM","DSAV1730318737",6/9/2022,,7/13/2022,0
"MEM",1913583,"PD",135,0,0,0,"",0,"TRHU","788159",135,"N","COOPMO","COOPER LIGHTING",7/12/2022,8/11/2022,5/26/2022,6/1/2022,5/27/2022,"MSCSC","100001814363P",7/14/2022,,,0
"MEM",1913851,"PD",150,0,0,0,"",0,"TCNU","894017",150,"N","COOPMO","COOPER LIGHTING",5/25/2022,6/24/2022,5/11/2022,5/17/2022,,"ZIM","DSAV1730315420",5/27/2022,,7/13/2022,0
"MEM",1914029,"PD",190,0,0,0,"",0,"HASU","472558",190,"N","COOPMO","COOPER LIGHTING",5/31/2022,6/30/2022,4/27/2022,5/6/2022,5/2/2022,"MAERNC","5260160335",5/31/2022,,6/9/2022,0
"MEM",1915785,"PD",760,0,0,0,"",0,"MRKU","468215",760,"N","COOPMO","COOPER LIGHTING",6/29/2022,7/29/2022,5/19/2022,5/31/2022,,"MAERNC","5260341564",6/29/2022,,7/13/2022,0
"MEM",1914718,"PD",375,0,0,0,"",0,"CXDU","203307",375,"N","PBEXOH","LASALLE BRISTOL",5/26/2022,6/25/2022,5/9/2022,5/9/2022,,"COSCNJ","HOU00102964",5/27/2022,,6/16/2022,0
"MEM",1909867,"PD",190,0,0,0,"",0,"MSKU","076805",190,"N","COOPMO","COOPER LIGHTING",6/29/2022,7/29/2022,5/20/2022,6/1/2022,5/25/2022,"MAERNC","5260341563",6/29/2022,,7/13/2022,0
"MEM",1913223,"PD",150,0,0,0,"",0,"TLLU","446168",150,"N","COOPMO","COOPER LIGHTING",5/16/2022,6/15/2022,4/25/2022,4/28/2022,4/27/2022,"ZIM","DSAV1730311978",5/17/2022,,6/15/2022,0
"MEM",1913582,"PD",135,0,0,0,"",0,"TCNU","108365",135,"N","COOPMO","COOPER LIGHTING",7/12/2022,8/11/2022,5/26/2022,6/1/2022,,"MSCSC","100001814358P",7/14/2022,,,0
"MEM",1913585,"PD",135,0,0,0,"",0,"TRHU","686361",135,"N","COOPMO","COOPER LIGHTING",7/12/2022,8/11/2022,5/26/2022,6/1/2022,,"MSCSC","100001814364P",7/14/2022,,,0
"MEM",1913850,"PD",450,0,0,0,"",0,"ZCSU","770232",450,"N","COOPMO","COOPER LIGHTING",5/25/2022,6/24/2022,5/10/2022,5/16/2022,,"ZIM","DSAV1730315407",5/27/2022,,7/13/2022,0
"MEM",1913852,"PD",450,0,0,0,"",0,"ZCSU","869515",450,"N","COOPMO","COOPER LIGHTING",5/25/2022,6/24/2022,5/11/2022,5/16/2022,5/13/2022,"ZIM","DSAV1730315408",5/27/2022,,7/13/2022,0
"MEM",1917606,"PD",600,0,0,0,"",0,"TLLU","421280",600,"N","QUARTNY","TIRE FACTORY INC",7/9/2022,8/8/2022,7/1/2022,7/1/2022,,"ONE","UST856910",7/12/2022,,,0
"MEM",1914789,"PD",260,0,0,0,"",0,"CMAU","772192",260,"N","COOPMO","COOPER LIGHTING",5/28/2022,6/27/2022,5/6/2022,5/16/2022,5/17/2022,"CMAVA","NAIM9351333",5/31/2022,,7/5/2022,0
"MEM",1915352,"PD",135,0,0,0,"",0,"TCLU","786828",135,"N","COOPMO","COOPER LIGHTING",5/24/2022,6/23/2022,4/28/2022,5/4/2022,5/2/2022,"MSCSC","100001717379P",5/27/2022,,7/13/2022,0
"MEM",1915354,"PD",135,0,0,0,"",0,"TLLU","515641",135,"N","COOPMO","COOPER LIGHTING",5/24/2022,6/23/2022,4/28/2022,5/4/2022,5/3/2022,"MSCSC","100001717380P",5/27/2022,,7/13/2022,0
"MEM",1915355,"PD",405,0,0,0,"",0,"INKU","655379",405,"N","COOPMO","COOPER LIGHTING",5/24/2022,6/23/2022,4/28/2022,5/5/2022,5/3/2022,"MSCSC","100001718802P",5/27/2022,,7/13/2022,0
"MEM",1915451,"PD",150,0,0,0,"",0,"ZCSU","874363",150,"N","HECNY","FXI INNOCOR INC (BALDWYN)",6/7/2022,7/7/2022,5/27/2022,5/27/2022,,"ZIM","DSAV1730318734",6/9/2022,,7/13/2022,0
"MEM",1915831,"PD",190,0,0,0,"",0,"MRKU","564345",190,"N","COOPMO","COOPER LIGHTING",6/21/2022,7/21/2022,5/17/2022,5/25/2022,,"MAERNC","5260294311",6/21/2022,,7/6/2022,0
"MEM",1917111,"PD",2050,0,0,0,"",0,"CSNU","648640",2050,"N","HECNY","FXI INNOCOR INC (COLDWATER)",7/6/2022,8/5/2022,6/3/2022,6/6/2022,,"COSCNJ","HOU00211927",7/15/2022,,,0
"MEM",1907243,"PD",190,0,0,0,"",0,"MSKU","962897",190,"N","COOPMO","COOPER LIGHTING",5/27/2022,6/26/2022,4/26/2022,5/4/2022,4/29/2022,"MAERNC","5260138551",5/27/2022,,6/9/2022,0
"MEM",1905691,"PD",170,0,0,0,"",0,"BMOU","418574",170,"N","COOPMO","COOPER LIGHTING",5/31/2022,6/30/2022,4/29/2022,5/6/2022,5/3/2022,"MAERNC","5260161058",5/31/2022,,6/9/2022,0
"MEM",1912294,"PD",405,0,0,0,"",0,"BMOU","458573",405,"N","COOPMO","COOPER LIGHTING",5/12/2022,6/11/2022,4/14/2022,4/22/2022,4/20/2022,"MSCSC","100001680323P",5/18/2022,,7/13/2022,0
"MEM",1921454,"PD",100,0,0,0,"",0,"BMOU","489683",100,"N","EVERSC","MEDEGEN MEDICAL",7/1/2022,7/31/2022,6/13/2022,6/22/2022,6/17/2022,"EVERTX","PF2207001903",7/7/2022,,,0
"MEM",1921447,"PD",40,0,0,0,"",0,"EISU","176185",40,"N","EVERSC","MEDEGEN MEDICAL",7/1/2022,7/31/2022,6/16/2022,6/24/2022,6/23/2022,"EVERTX","PF2207002040",7/7/2022,,,0
"MEM",1911067,"PD",3925,0,0,0,"",0,"FANU","312751",3925,"N","QUARTNY","TIRE FACTORY INC",5/20/2022,6/19/2022,5/16/2022,5/17/2022,5/16/2022,"HAPAGA","2121029269",5/20/2022,,6/16/2022,0
"MEM",1925213,"PD",380,0,0,0,"",0,"HMCU","902887",380,"N","EVERSC","MEDEGEN MEDICAL",7/18/2022,8/17/2022,7/1/2022,7/13/2022,7/13/2022,"EVERTX","PF2207018546",7/19/2022,,,0
"MEM",1913220,"PD",135,0,0,0,"",0,"CAIU","745789",135,"N","COOPMO","COOPER LIGHTING",5/12/2022,6/11/2022,4/15/2022,4/21/2022,4/20/2022,"MSCSC","100001675818P",5/18/2022,,7/13/2022,0
"MEM",1911068,"PD",3725,0,0,0,"",0,"TGHU","954023",3725,"N","QUARTNY","TIRE FACTORY INC",5/20/2022,6/19/2022,5/13/2022,5/16/2022,5/13/2022,"HAPAGA","2121029269",5/20/2022,,6/16/2022,0
"MEM",1912292,"PD",270,0,0,0,"",0,"MEDU","730107",270,"N","COOPMO","COOPER LIGHTING",5/12/2022,6/11/2022,4/14/2022,4/21/2022,4/20/2022,"MSCSC","100001675326P",5/18/2022,,7/13/2022,0
"MEM",1920000,"PD",800,0,0,0,"",0,"MSCU","522525",800,"N","MEDSC","MEDEGEN MEDICAL",7/13/2022,8/12/2022,5/26/2022,6/6/2022,6/3/2022,"MSCSC","100001819080P",7/15/2022,,,0
"MEM",1913375,"PD",300,0,0,0,"",0,"TGBU","726174",300,"N","HECNY","FXI INNOCOR INC (COLDWATER)",5/25/2022,6/24/2022,5/5/2022,5/7/2022,,"ZIM","DSAV1730315253",5/27/2022,,7/13/2022,0
"SAV",1910649,"MNR",460,0,0,0,"",0,"TGBU","444893",460,"Y","ONEVA","NEOVIA LOGISTICS",5/19/2022,6/18/2022,5/2/2022,6/20/2022,6/9/2022,"DOWNGA","394542",5/20/2022,,6/14/2022,0
"SAV",1909955,"MNR",251.09,0,0,0,"",0,"EISU","189192",251.09,"N","HECNY","QEP CO INC /ROBER CAPITAL INC",5/4/2022,6/3/2022,3/18/2022,3/21/2022,,"DOWNGA","393761",5/4/2022,,5/31/2022,0
"SAV",1909073,"MNR",460,0,0,0,"",0,"KKFU","786933",460,"Y","ONEVA","NEOVIA LOGISTICS",4/23/2022,5/23/2022,3/29/2022,4/7/2022,4/2/2022,"DOWNGA","392434",4/25/2022,,5/24/2022,0
"SAV",1910651,"MNR",252,0,0,0,"",0,"KKFU","773319",252,"Y","ONEVA","NEOVIA LOGISTICS",6/9/2022,7/9/2022,4/23/2022,5/10/2022,5/9/2022,"DOWNGA","398997",6/10/2022,,7/19/2022,0
"SAV",1911918,"MNR",259.7,0,0,0,"",0,"CLKU","501076",259.7,"Y","HYUNTX","NEOVIA LOGISTICS",5/4/2022,6/3/2022,3/24/2022,3/29/2022,3/25/2022,"DOWNGA","393617",5/4/2022,,5/31/2022,0
"SAV",1911274,"MNR",930,0,0,0,"",0,"CMAU","674727",930,"N","SCHECA","SVC LOGISTICS INC",4/12/2022,5/12/2022,3/30/2022,3/31/2022,,"DOWNGA","390808",4/12/2022,,5/3/2022,0
"SAV",1911367,"MNR",220,0,0,0,"",0,"MRKU","626379",220,"Y","MAENC","NEOVIA LOGISTICS",4/19/2022,5/19/2022,4/5/2022,4/25/2022,4/14/2022,"DOWNGA","391804",4/20/2022,,5/17/2022,0
"SAV",1912322,"MNR",170,0,0,0,"",0,"FANU","100619",170,"N","HAPAGA","STAPLES WHSE 985",5/6/2022,6/5/2022,3/29/2022,4/1/2022,3/30/2022,"DOWNGA","394360",5/9/2022,,5/31/2022,0
"SAV",1912890,"MNR",460,0,0,0,"",0,"WFHU","517217",460,"Y","HYUNTX","SAMSUNG ELECTRONICS AMERICA",5/31/2022,6/30/2022,3/31/2022,4/12/2022,4/1/2022,"DOWNGA","396036",5/31/2022,,7/12/2022,0
"SAV",1917519,"PD",480,0,0,0,"",0,"TCLU","572208",480,"N","DJSITX","TREDIT TIRE & WHEEL",6/27/2022,7/27/2022,6/13/2022,6/16/2022,,"HAPAGA","2121181995",6/27/2022,,,0
"SAV",1913578,"MNR",269,0,0,0,"",0,"TEMU","638342",269,"Y","MAENC","NEOVIA LOGISTICS",6/9/2022,7/9/2022,4/29/2022,5/12/2022,5/5/2022,"DOWNGA","398857",6/10/2022,,7/19/2022,0
"SAV",1916361,"MNR",460,0,0,0,"",0,"KOCU","403793",460,"Y","HYUNTX","SAMSUNG ELECTRONICS AMERICA",5/31/2022,6/30/2022,5/6/2022,5/12/2022,5/10/2022,"DOWNGA","396922",6/1/2022,,7/12/2022,0
"SAV",1920083,"MNR",425.99,0,0,0,"",0,"DRYU","421074",425.99,"N","HAPAGA","STAPLES WHSE #895",7/9/2022,8/8/2022,6/10/2022,6/16/2022,6/13/2022,"DOWNGA","401060",7/11/2022,,,0
"SAV",1911707,"PD",150,0,0,0,"",0,"ZCSU","776293",150,"N","HSGLCA","HYOSUNG USA INC",4/14/2022,5/14/2022,3/29/2022,3/30/2022,,"ZIM","DSAV1730297711",4/18/2022,,5/11/2022,0
"SAV",1914971,"MNR",244.85,0,0,0,"",0,"SEGU","274393",244.85,"N","ITGIL","TRIANGLE FASTENER CORP",6/9/2022,7/9/2022,5/2/2022,5/5/2022,,"DOWNGA","398436",6/10/2022,,7/19/2022,0
"SAV",1916137,"MNR",930,0,0,0,"",0,"ZCSU","660276",930,"N","SCHECA","SVC LOGISTICS INC",6/9/2022,7/9/2022,5/13/2022,5/20/2022,,"DOWNGA","398057",6/10/2022,,7/19/2022,0
"SAV",1917391,"MNR",231,0,0,0,"",0,"TRHU","483018",231,"Y","MAENC","NEOVIA LOGISTICS",6/13/2022,7/13/2022,5/5/2022,5/16/2022,5/10/2022,"DOWNGA","398992",6/14/2022,,,0
"SAV",1917509,"MNR",428.62,0,0,0,"",0,"TGBU","994917",428.62,"N","DJSITX","TREDIT TIRE & WHEEL",7/22/2022,8/21/2022,6/23/2022,7/7/2022,,"DOWNGA","403047",7/22/2022,,,0
"SAV",1917748,"MNR",475,0,0,0,"",0,"HLBU","210151",475,"N","HAPAGA","STAPLES WHSE #895",6/13/2022,7/13/2022,5/13/2022,5/26/2022,5/17/2022,"DOWNGA","399317",6/14/2022,,,0
"SAV",1918768,"MNR",58.3,0,0,0,"",0,"NYKU","514895",58.3,"Y","ONEVA","NEOVIA LOGISTICS",7/13/2022,8/12/2022,7/13/2022,7/18/2022,7/14/2022,"DORSEY","10101411",7/14/2022,,,0
"SAV",1908835,"MNR",245,0,0,0,"",0,"PONU","813026",245,"Y","MAENC","NEOVIA LOGISTICS",3/25/2022,4/24/2022,3/2/2022,3/11/2022,3/7/2022,"DOWNGA","388720",3/25/2022,,4/20/2022,0
"SAV",1920229,"MNR",475,0,0,0,"",0,"HMMU","640396",475,"Y","HYUNTX","SAMSUNG ELECTRONICS AMERICA",6/19/2022,7/19/2022,5/30/2022,6/2/2022,6/1/2022,"DOWNGA","400077",7/7/2022,,,0
"SAV",1921383,"MNR",282.5,0,0,0,"",0,"TGHU","623784",282.5,"N","HAPAGA","STAPLES WHSE #895",7/22/2022,8/21/2022,6/7/2022,6/15/2022,6/8/2022,"DOWNGA","404036",7/22/2022,,,0
"SAV",1905416,"MNR",335.14,0,0,0,"",0,"ZCSU","743577",335.14,"N","SCHECA","SADDLECREEK WAREHOUSE",3/16/2022,4/15/2022,2/2/2022,2/4/2022,,"DOWNGA","387811",3/18/2022,,4/12/2022,0
"SAV",1905558,"MNR",217.5,0,0,0,"",0,"CMAU","895230",217.5,"N","SCHECA","SVC LOGISTICS INC",3/25/2022,4/24/2022,2/1/2022,2/3/2022,,"DOWNGA","388790",3/25/2022,,4/20/2022,0
"SAV",1917758,"PD",185,0,0,0,"",0,"FSCU","328148",185,"N","QUARTGA","DART ADVANTAGE / DOMO CHEMICAL",6/27/2022,7/27/2022,6/1/2022,6/3/2022,,"MSCSC","100001807302P",6/29/2022,,,0
"SAV",1907163,"MNR",234.04,0,0,0,"",0,"MSMU","747644",234.04,"N","SCHECA","SVC LOGISTICS INC",4/12/2022,5/12/2022,2/22/2022,2/25/2022,,"DOWNGA","390357",4/12/2022,,5/3/2022,0
"SAV",1917692,"PD",600,0,0,0,"",0,"TRHU","547932",600,"N","SCHECA","SVC LOGISTICS INC",6/16/2022,7/16/2022,6/1/2022,6/7/2022,,"ZIM","DSAV1730322371",6/17/2022,,7/21/2022,0
"SAV",1911232,"PD",405,0,0,0,"",0,"MSMU","889961",405,"N","SCHECA","SVC LOGISTICS INC",4/29/2022,5/29/2022,3/29/2022,4/2/2022,,"MSCSC","100001645689P",5/3/2022,,5/19/2022,0
"SAV",1913372,"PD",800,0,0,0,"",0,"EITU","110337",800,"N","DJSITX","TREDIT TIRE & WHEEL",6/1/2022,7/1/2022,5/19/2022,5/23/2022,,"EVERTX","PF2206002681",6/2/2022,,7/12/2022,0
"SAV",1909468,"MNR",61.62,0,0,0,"",0,"CBHU","917857",61.62,"Y","COSCONJ","SAMSUNG ELECTRONICS AMERICA",4/12/2022,5/12/2022,2/25/2022,3/7/2022,2/28/2022,"DOWNGA","390875",4/12/2022,,5/3/2022,0
"SAV",1910076,"MNR",460,0,0,0,"",0,"KOCU","402729",460,"Y","HYUNTX","SAMSUNG ELECTRONICS AMERICA",3/29/2022,4/28/2022,3/8/2022,3/14/2022,3/10/2022,"DOWNGA","389189",3/29/2022,,4/20/2022,0
"SAV",1910207,"MNR",210,0,0,0,"",0,"CAIU","997331",210,"Y","HYUNTX","NEOVIA LOGISTICS",5/31/2022,6/30/2022,3/22/2022,4/20/2022,4/14/2022,"DOWNGA","396664",5/31/2022,,7/12/2022,0
"SAV",1912178,"MNR",285,0,0,0,"",0,"CAIU","953434",285,"N","KUEHNC","SHAWMUT CORP",5/11/2022,6/10/2022,3/25/2022,3/28/2022,,"DOWNGA","394378",5/12/2022,,6/7/2022,0
"SAV",1912782,"MNR",540,0,0,0,"",0,"MRKU","403817",540,"Y","MAENC","NEOVIA LOGISTICS",4/16/2022,5/16/2022,4/6/2022,4/13/2022,4/7/2022,"DOWNGA","391578",4/18/2022,,5/17/2022,0
"SAV",1912908,"MNR",310.19,0,0,0,"",0,"CAIU","718207",310.19,"Y","HYUNTX","SAMSUNG ELECTRONICS AMERICA",5/6/2022,6/5/2022,4/4/2022,4/8/2022,4/5/2022,"DOWNGA","394037",5/9/2022,,5/31/2022,0
"SAV",1913183,"MNR",635.47,0,0,0,"",0,"FFAU","169462",635.47,"Y","MAENC","NEOVIA LOGISTICS",5/11/2022,6/10/2022,4/5/2022,5/25/2022,5/17/2022,"DOWNGA","394821",5/12/2022,,6/7/2022,0
"SAV",1909271,"MNR",460,0,0,0,"",0,"FSCU","497043",460,"N","HECNY","QEP CO INC / ROBER CAPITAL INC",4/12/2022,5/12/2022,3/22/2022,3/24/2022,,"DOWNGA","390901",4/12/2022,,5/3/2022,0
"SAV",1916356,"MNR",460,0,0,0,"",0,"CAIU","489587",460,"Y","HYUNTX","SAMSUNG ELECTRONICS AMERICA",4/27/2022,5/27/2022,4/27/2022,5/3/2022,4/29/2022,"DOWNGA","394895",5/13/2022,,5/24/2022,0
"SAV",1912748,"PD",800,0,0,0,"",0,"ZCSU","896873",800,"N","HECNY","ELITE COMFORT SOLUTIONS, LLC",5/18/2022,6/17/2022,5/2/2022,5/3/2022,,"ZIM","DSAV1730313379",5/20/2022,,6/15/2022,0
"SAV",1910789,"PD",910,0,0,0,"",0,"MSDU","436838",910,"N","ITGIL","ELO TOUCH SOLUTIONS INC",5/24/2022,6/23/2022,5/2/2022,5/3/2022,,"MSCSC","100001712326P",5/27/2022,,7/13/2022,0
"SAV",1917747,"MNR",475,0,0,0,"",0,"FSCU","723583",475,"N","HAPAGA","STAPLES WHSE #895",6/13/2022,7/13/2022,5/18/2022,5/26/2022,5/19/2022,"DOWNGA","399288",6/14/2022,,,0
"SAV",1918767,"MNR",294.23,0,0,0,"",0,"TLLU","561987",294.23,"Y","ONEVA","NEOVIA LOGISTICS",7/22/2022,8/21/2022,7/13/2022,7/19/2022,7/15/2022,"DOWNGA","404087",7/22/2022,,,0
"SAV",1919631,"MNR",370,0,0,0,"",0,"JXLU","675404",370,"N","SCHECA","SVC LOGISTICS INC",7/22/2022,8/21/2022,6/21/2022,6/21/2022,,"DOWNGA","404449",7/22/2022,,,0
"SAV",1914310,"PD",135,0,0,0,"",0,"FFAU","213564",135,"N","HECNY","QEP CO INC /ROBER CAPITAL INC",5/12/2022,6/11/2022,4/20/2022,4/22/2022,,"MSCSC","100001680621P",5/18/2022,,7/13/2022,0
"SAV",1916464,"MNR",785.84,0,0,0,"",0,"FFAU","219465",785.84,"Y","MEDSC","NEOVIA LOGISTICS",7/8/2022,8/7/2022,7/7/2022,7/19/2022,7/8/2022,"DORSEY","90012541",7/8/2022,,,0
"SAV",1895772,"MNR",160,0,0,0,"",0,"TCLU","794043",160,"Y","ONEVA","NEOVIA LOGISTICS",3/31/2022,4/30/2022,3/15/2022,3/24/2022,3/17/2022,"DOWNGA","389368",3/31/2022,,4/20/2022,0
"SAV",1917417,"MNR",460,0,0,0,"",0,"BMOU","470464",460,"Y","HYUNTX","SAMSUNG ELECTRONICS AMERICA",6/9/2022,7/9/2022,5/10/2022,5/26/2022,5/12/2022,"DOWNGA","397658",6/10/2022,,7/19/2022,0
"SAV",1917437,"MNR",401.97,0,0,0,"",0,"KKFU","775369",401.97,"N","DJSITX","TREDIT TIRE & WHEEL",7/9/2022,8/8/2022,6/6/2022,6/13/2022,,"DOWNGA","400657",7/11/2022,,,0
"SAV",1917519,"MNR",480,0,0,0,"",0,"TCLU","572208",480,"N","DJSITX","TREDIT TIRE & WHEEL",7/9/2022,8/8/2022,6/13/2022,6/16/2022,,"DOWNGA","402781",7/11/2022,,,0
"SAV",1917319,"PD",505,0,0,0,"",0,"MSMU","554896",505,"N","SCHECA","SADDLECREEK WAREHOUSE",6/7/2022,7/7/2022,5/18/2022,5/26/2022,,"MSCSC","100001777682P",6/9/2022,,7/21/2022,0
"SAV",1918818,"MNR",83.3,0,0,0,"",0,"MEDU","896714",83.3,"Y","MEDSC","SAMSUNG ELECTRONICS AMERICA",6/13/2022,7/13/2022,6/13/2022,6/20/2022,6/14/2022,"DORSEY","10100519",6/14/2022,,6/14/2022,0
"SAV",1913367,"PD",300,0,0,0,"",0,"TRHU","613237",300,"N","DJSITX","TREDIT TIRE & WHEEL",5/25/2022,6/24/2022,5/20/2022,5/21/2022,,"ONE","UST821244",5/27/2022,,7/13/2022,0
"SAV",1916139,"PD",300,0,0,0,"",0,"JXLU","780698",300,"N","SCHECA","SVC LOGISTICS INC",5/26/2022,6/25/2022,5/13/2022,5/19/2022,,"ZIM","DSAV1730316589",6/1/2022,,7/13/2022,0
"SAV",1896031,"MNR",335,0,0,0,"",0,"ONEU","033497",335,"Y","ONEVA","NEOVIA LOGISTICS",5/19/2022,6/18/2022,3/21/2022,4/22/2022,4/11/2022,"DOWNGA","394181",5/20/2022,,6/14/2022,0
"SAV",1898949,"MNR",385,0,0,0,"",0,"CAAU","518815",385,"Y","ONEVA","NEOVIA LOGISTICS",4/12/2022,5/12/2022,2/25/2022,5/6/2022,,"DOWNGA","390575",4/12/2022,,5/3/2022,0
"SAV",1905030,"MNR",460,0,0,0,"",0,"FCIU","762732",460,"N","DJSITX","TREDIT TIRE & WHEEL",3/4/2022,4/3/2022,2/2/2022,2/4/2022,,"DOWNGA","386466",3/7/2022,,4/6/2022,0
"SAV",1905528,"MNR",460,0,0,0,"",0,"TRHU","857438",460,"N","SCHECA","SVC LOGISTICS INC",3/2/2022,4/1/2022,2/4/2022,2/8/2022,,"DOWNGA","386157",3/2/2022,,4/6/2022,0
"SAV",1905734,"MNR",460,0,0,0,"",0,"SEGU","648797",460,"Y","CMAVA","NEOVIA LOGISTICS",3/16/2022,4/15/2022,2/1/2022,2/17/2022,2/15/2022,"DOWNGA","387487",3/18/2022,,4/12/2022,0
"SAV",1905853,"MNR",535,0,0,0,"",0,"TRHU","837696",535,"Y","ONEVA","NEOVIA LOGISTICS",3/2/2022,4/1/2022,2/9/2022,3/14/2022,3/10/2022,"DOWNGA","386183",3/2/2022,,4/6/2022,0
"SAV",1908672,"MNR",275,0,0,0,"",0,"BSIU","963145",275,"Y","HYUNTX","NEOVIA LOGISTICS",3/2/2022,4/1/2022,2/21/2022,3/2/2022,2/22/2022,"DOWNGA","385991",3/2/2022,,4/6/2022,0
"SAV",1915847,"PD",790,0,0,0,"",0,"CSNU","813969",790,"N","HECNY","ELITE COMFORT SOLUTIONS, LLC",7/6/2022,8/5/2022,5/31/2022,6/8/2022,,"COSCNJ","HOU00207960",7/6/2022,,,0
"SAV",1907163,"PD",135,0,0,0,"",0,"MSMU","747644",135,"N","SCHECA","SVC LOGISTICS INC",3/24/2022,4/23/2022,2/22/2022,2/25/2022,,"MSCSC","100001525130P",3/25/2022,,4/27/2022,0
"SAV",1917436,"PD",1030,0,0,0,"",0,"TCLU","514269",1030,"N","DJSITX","TREDIT TIRE & WHEEL",6/6/2022,7/6/2022,5/27/2022,6/1/2022,,"HYUNSTX","UST2261321D01",6/7/2022,,6/14/2022,0
"SAV",1917515,"PD",1170,0,0,0,"",0,"TGBU","585789",1170,"N","DJSITX","TREDIT TIRE & WHEEL",6/27/2022,7/27/2022,6/16/2022,6/21/2022,,"HAPAGA","2121181991",6/27/2022,,,0
"SAV",1911708,"PD",150,0,0,0,"",0,"ZCSU","893451",150,"N","HSGLCA","HYOSUNG USA INC",4/14/2022,5/14/2022,3/31/2022,4/1/2022,,"ZIM","DSAV1730297759",4/18/2022,,5/11/2022,0
"SAV",1921104,"PD",1670,0,0,0,"",0,"EISU","933835",1670,"N","HECNY","Q.E.P.",7/1/2022,7/31/2022,6/15/2022,6/21/2022,,"EVERTX","PF2207003862",7/7/2022,,,0
"SAV",1920406,"PD",840,0,0,0,"",0,"FBLU","024758",840,"N","YANGTX3","ACME FURNITURE",7/18/2022,8/17/2022,6/1/2022,6/13/2022,,"YANGTX","DT0308671",7/20/2022,,,0
"SAV",1921287,"PD",150,0,0,0,"",0,"ZCSU","657381",150,"N","SCHECA","SVC LOGISTICS INC",7/8/2022,8/7/2022,6/20/2022,6/22/2022,,"ZIM","DSAV1730325276",7/8/2022,,,0
"SAV",1910794,"PD",135,0,0,0,"",0,"MSDU","436716",135,"N","ITGIL","ELO TOUCH SOLUTIONS INC",5/12/2022,6/11/2022,4/21/2022,4/22/2022,,"MSCSC","100001680623P",5/18/2022,,7/13/2022,0
"SAV",1917435,"PD",1620,0,0,0,"",0,"TCNU","893444",1620,"N","DJSITX","TREDIT TIRE & WHEEL",6/7/2022,7/7/2022,5/31/2022,6/2/2022,,"ZIM","DSAV1730318797",6/9/2022,,7/13/2022,0
"SAV",1921916,"PD",125,0,0,0,"",0,"FCIU","963832",125,"N","HECNY","ELITE COMFORT SOLUTIONS, LLC",7/20/2022,8/19/2022,7/6/2022,7/7/2022,,"COSCNJ","HOU00217209",7/21/2022,,,0
"SAV",1896035,"MNR",535,0,0,0,"",0,"MOTU","672456",535,"Y","ONEVA","NEOVIA LOGISTICS",3/22/2022,4/21/2022,2/21/2022,3/1/2022,2/22/2022,"DOWNGA","388064",3/22/2022,,4/20/2022,0
"SAV",1921292,"PD",300,0,0,0,"",0,"ZCSU","756386",300,"N","SCHECA","SADDLECREEK WAREHOUSE",7/8/2022,8/7/2022,6/16/2022,6/22/2022,,"ZIM","DSAV1730325236",7/8/2022,,,0
"SAV",1921288,"PD",150,0,0,0,"",0,"ZCSU","738857",150,"N","SCHECA","SVC LOGISTICS INC",7/8/2022,8/7/2022,6/17/2022,6/22/2022,,"ZIM","DSAV1730325237",7/8/2022,,,0
"SAV",1905192,"MNR",460,0,0,0,"",0,"DRYU","203320",460,"N","ROARNY","CASESTACK",3/2/2022,4/1/2022,2/17/2022,2/19/2022,,"DOWNGA","386129",3/2/2022,,4/6/2022,0
"SAV",1905551,"MNR",460,0,0,0,"",0,"CMAU","841888",460,"N","SCHECA","SVC LOGISTICS INC",3/4/2022,4/3/2022,2/2/2022,2/4/2022,,"DOWNGA","386490",3/7/2022,,4/6/2022,0
"SAV",1908226,"MNR",460,0,0,0,"",0,"CMAU","693651",460,"N","SCHECA","SVC LOGISTICS INC",3/21/2022,4/20/2022,2/24/2022,2/26/2022,,"DOWNGA","387626",3/22/2022,,4/20/2022,0
"SAV",1909910,"MNR",720,0,0,0,"",0,"TCLU","893862",720,"N","KUENAPA","DRUG PLASTICS & GLASS CO., INC",4/1/2022,5/1/2022,3/14/2022,3/15/2022,,"DOWNGA","389600",4/4/2022,,4/26/2022,0
"SAV",1916962,"PD",5400,0,0,0,"",0,"NYKU","489702",5400,"Y","ONEVA","LOWE'S ADC 3374",7/18/2022,8/17/2022,6/10/2022,7/12/2022,6/14/2022,"ONE","UST863535",7/20/2022,,,0
"SAV",1915849,"PD",135,0,0,0,"",0,"CAIU","771797",135,"N","HECNY","QEP CO INC /ROBER CAPITAL INC",5/26/2022,6/25/2022,5/10/2022,5/11/2022,,"MSCSC","100001727742P",5/31/2022,,7/13/2022,0
"SAV",1914971,"PD",170,0,0,0,"",0,"SEGU","274393",170,"N","ITGIL","TRIANGLE FASTENER CORP",5/23/2022,6/22/2022,5/2/2022,5/5/2022,,"YANGTX","DT0306104",5/24/2022,,7/13/2022,0
"SAV",1914309,"PD",135,0,0,0,"",0,"CAIU","905006",135,"N","HECNY","QEP CO INC /ROBER CAPITAL INC",5/12/2022,6/11/2022,4/19/2022,4/22/2022,,"MSCSC","100001680619P",5/18/2022,,7/13/2022,0
"SAV",1915851,"PD",260,0,0,0,"",0,"GAOU","630818",260,"N","HECNY","QEP CO INC /ROBER CAPITAL INC",6/1/2022,7/1/2022,5/17/2022,5/21/2022,,"EVERTX","PF2206003359",6/2/2022,,7/12/2022,0
"SAV",1915041,"PD",300,0,0,0,"",0,"JXLU","784710",300,"N","HECNY","ELITE COMFORT SOLUTIONS, LLC",5/25/2022,6/24/2022,5/5/2022,5/6/2022,,"ZIM","DSAV1730315252",5/27/2022,,7/13/2022,0
"SAV",1916884,"PD",6750,0,0,0,"",0,"GAOU","655504",6750,"Y","ONEVA","NEOVIA LOGISTICS",7/11/2022,8/10/2022,5/3/2022,7/6/2022,,"ONE","UST858328",7/25/2022,,,0
"SAV",1912616,"PD",800,0,0,0,"",0,"ZCSU","770704",800,"N","HECNY","ELITE COMFORT SOLUTIONS, LLC",5/17/2022,6/16/2022,4/26/2022,4/27/2022,,"ZIM","DSAV1730312816",5/17/2022,,6/15/2022,0
"SAV",1910788,"PD",135,0,0,0,"",0,"MSDU","436745",135,"N","ITGIL","ELO TOUCH SOLUTIONS INC",5/12/2022,6/11/2022,4/21/2022,4/22/2022,,"MSCSC","100001680622P",5/18/2022,,7/13/2022,0
"SAV",1917437,"PD",300,0,0,0,"",0,"KKFU","775369",300,"N","DJSITX","TREDIT TIRE & WHEEL",7/15/2022,8/14/2022,6/6/2022,6/13/2022,,"ONE","UST862012",7/19/2022,,,0
"SAV",1916105,"PD",300,0,0,0,"",0,"ZCSU","672382",300,"N","SCHECA","SADDLECREEK WAREHOUSE",6/13/2022,7/13/2022,5/19/2022,5/24/2022,,"ZIM","DSAV1730320989",6/14/2022,,7/21/2022,0
"SAV",1913371,"PD",550,0,0,0,"",0,"EITU","126447",550,"N","DJSITX","TREDIT TIRE & WHEEL",6/1/2022,7/1/2022,5/12/2022,5/19/2022,,"EVERTX","PF2206002791",6/2/2022,,7/12/2022,0
"SAV",1916963,"PD",5250,0,0,0,"",0,"GAOU","654914",5250,"Y","ONEVA","LOWE'S ADC 3374",7/18/2022,8/17/2022,6/9/2022,7/11/2022,6/13/2022,"ONE","UST863538",7/20/2022,,,0
"SAV",1908588,"PD",1095,0,0,0,"",0,"MSDU","413737",1095,"N","NIKCA","SUDDATH JACKSONVILLE",5/12/2022,6/11/2022,4/21/2022,4/26/2022,,"MSCSC","100001687405P",5/18/2022,,7/13/2022,0
"SAV",1917514,"PD",160,0,0,0,"",0,"UACU","603507",160,"N","DJSITX","TREDIT TIRE & WHEEL",6/30/2022,7/30/2022,6/17/2022,6/18/2022,,"HAPAGA","2121195286",6/30/2022,,,0
"SAV",1914263,"MNR",215,0,0,0,"",0,"TGBU","577010",215,"Y","SAMCA","NEOVIA LOGISTICS",6/9/2022,7/9/2022,4/22/2022,4/29/2022,4/27/2022,"DOWNGA","397760",6/10/2022,,7/19/2022,0
"SAV",1909903,"MNR",340,0,0,0,"",0,"TRHU","461875",340,"Y","CMAVA","NEOVIA LOGISTICS",4/23/2022,5/23/2022,3/11/2022,3/17/2022,3/14/2022,"DOWNGA","392513",4/25/2022,,5/24/2022,0
"SAV",1917509,"PD",1310,0,0,0,"",0,"TGBU","994917",1310,"N","DJSITX","TREDIT TIRE & WHEEL",7/18/2022,8/17/2022,6/23/2022,7/7/2022,,"EVERTX","PF2207021729",7/19/2022,,,0
"SAV",1903263,"MNR",157.5,0,0,0,"",0,"TRHU","545817",157.5,"Y","ONEVA","NEOVIA LOGISTICS",3/10/2022,4/9/2022,1/22/2022,2/3/2022,1/25/2022,"DOWNGA","387027",3/10/2022,,4/12/2022,0
"SAV",1916140,"PD",1840,0,0,0,"",0,"GCXU","500571",1840,"N","SCHECA","SVC LOGISTICS INC",6/9/2022,7/9/2022,5/12/2022,5/27/2022,,"ZIM","DSAV1730319808",6/9/2022,,7/13/2022,0
"SAV",1916137,"PD",450,0,0,0,"",0,"ZCSU","660276",450,"N","SCHECA","SVC LOGISTICS INC",6/9/2022,7/9/2022,5/13/2022,5/20/2022,,"ZIM","DSAV1730319812",6/9/2022,,7/13/2022,0
"SAV",1916136,"PD",450,0,0,0,"",0,"ZCSU","763479",450,"N","SCHECA","SVC LOGISTICS INC",6/9/2022,7/9/2022,5/16/2022,5/21/2022,,"ZIM","DSAV1730319814",6/9/2022,,7/13/2022,0
"SAV",1909689,"MNR",460,0,0,0,"",0,"CAIU","894687",460,"N","PREMICA","ACME FURNITURE",4/1/2022,5/1/2022,3/21/2022,3/22/2022,,"DOWNGA","389928",4/4/2022,,4/26/2022,0
"SAV",1909780,"MNR",339,0,0,0,"",0,"TLLU","494200",339,"N","SCHECA","SADDLECREEK WAREHOUSE",5/4/2022,6/3/2022,3/16/2022,3/17/2022,,"DOWNGA","393355",5/4/2022,,5/31/2022,0
"SAV",1899820,"MNR",460,0,0,0,"",0,"TRHU","825762",460,"Y","ONEVA","NEOVIA LOGISTICS",3/3/2022,4/2/2022,2/18/2022,3/1/2022,2/24/2022,"DOWNGA","386322",3/7/2022,,4/6/2022,0
"SAV",1916134,"PD",300,0,0,0,"",0,"ZCSU","790180",300,"N","SCHECA","SADDLECREEK WAREHOUSE",6/9/2022,7/9/2022,5/20/2022,5/26/2022,,"ZIM","DSAV1730319815",6/9/2022,,7/13/2022,0
"SAV",1910049,"MNR",469.5,0,0,0,"",0,"OOLU","913827",469.5,"Y","COSCONJ","SAMSUNG ELECTRONICS AMERICA",3/3/2022,4/2/2022,3/2/2022,3/8/2022,3/3/2022,"DOWNGA","391098",4/18/2022,,4/20/2022,0
"SAV",1910058,"MNR",460,0,0,0,"",0,"TGBU","471645",460,"Y","COSCONJ","SAMSUNG ELECTRONICS AMERICA",4/1/2022,5/1/2022,3/3/2022,3/16/2022,3/4/2022,"DOWNGA","389568",4/4/2022,,4/26/2022,0
"SAV",1912885,"MNR",249.9,0,0,0,"",0,"TLLU","529969",249.9,"Y","HYUNTX","NEOVIA LOGISTICS",6/9/2022,7/9/2022,4/4/2022,4/23/2022,4/21/2022,"DOWNGA","397766",6/10/2022,,7/19/2022,0
"SAV",1915848,"PD",3850,0,0,0,"",0,"OOCU","894361",3850,"N","HECNY","Q.E.P.",7/6/2022,8/5/2022,6/21/2022,6/28/2022,,"COSCNJ","HOU00207959",7/6/2022,,,0
"SAV",1914075,"MNR",307.94,0,0,0,"",0,"MRKU","632405",307.94,"Y","MAENC","NEOVIA LOGISTICS",6/26/2022,7/26/2022,4/6/2022,6/2/2022,,"DOWNGA","400562",6/27/2022,,,0
"SAV",1914078,"MNR",405,0,0,0,"",0,"MRKU","483278",405,"Y","MAENC","NEOVIA LOGISTICS",5/19/2022,6/18/2022,4/9/2022,4/25/2022,4/9/2022,"DOWNGA","395502",5/20/2022,,6/14/2022,0
"SAV",1909910,"MNR",307,0,0,0,"",0,"TCLU","893862",307,"N","KUENAPA","DRUG PLASTICS & GLASS CO., INC",5/4/2022,6/3/2022,3/14/2022,3/15/2022,,"DOWNGA","392936",5/4/2022,,5/31/2022,0
"SAV",1914927,"MNR",160,0,0,0,"",0,"ZCSU","792636",160,"N","SCHECA","SVC LOGISTICS INC",5/31/2022,6/30/2022,5/4/2022,5/6/2022,,"DOWNGA","397146",6/1/2022,,7/12/2022,0
"SAV",1911272,"MNR",460,0,0,0,"",0,"SEKU","593087",460,"N","SCHECA","SVC LOGISTICS INC",4/12/2022,5/12/2022,3/29/2022,3/30/2022,,"DOWNGA","390764",4/12/2022,,5/3/2022,0
"SAV",1921284,"PD",1200,0,0,0,"",0,"ZCSU","798033",1200,"N","SCHECA","SVC LOGISTICS INC",7/8/2022,8/7/2022,6/17/2022,6/24/2022,,"ZIM","DSAV1730325235",7/8/2022,,,0
"SAV",1911655,"MNR",460,0,0,0,"",0,"ZCSU","793141",460,"N","SCHECA","SADDLECREEK WAREHOUSE",4/1/2022,5/1/2022,3/21/2022,3/22/2022,,"DOWNGA","389930",4/4/2022,,4/26/2022,0
"SAV",1912892,"MNR",160,0,0,0,"",0,"KOCU","414579",160,"Y","HYUNTX","SAMSUNG ELECTRONICS AMERICA",3/30/2022,4/29/2022,3/31/2022,4/8/2022,4/1/2022,"DOWNGA","391451",4/18/2022,,4/20/2022,0
"SAV",1912921,"MNR",170,0,0,0,"",0,"MSKU","808235",170,"Y","MAENC","NEOVIA LOGISTICS",5/19/2022,6/18/2022,4/6/2022,4/22/2022,4/6/2022,"DOWNGA","395182",5/20/2022,,6/14/2022,0
"SAV",1913832,"MNR",1875,0,0,0,"",0,"MSKU","133828",1875,"Y","MAENC","NEOVIA LOGISTICS",5/4/2022,6/3/2022,4/26/2022,5/3/2022,4/28/2022,"DOWNGA","393434",5/4/2022,,5/31/2022,0
"SAV",1896087,"MNR",325,0,0,0,"",0,"TCNU","480380",325,"Y","ONEVA","NEOVIA LOGISTICS",5/19/2022,6/18/2022,4/21/2022,4/29/2022,4/27/2022,"DOWNGA","395594",5/20/2022,,6/14/2022,0
"SAV",1915302,"MNR",475,0,0,0,"",0,"KOCU","411981",475,"Y","HYUNTX","SAMSUNG ELECTRONICS AMERICA",6/19/2022,7/19/2022,5/19/2022,5/21/2022,5/20/2022,"DOWNGA","399913",6/20/2022,,,0
"SAV",1916167,"MNR",252.98,0,0,0,"",0,"TCNU","698633",252.98,"Y","MAENC","NEOVIA LOGISTICS",6/9/2022,7/9/2022,4/27/2022,5/5/2022,5/2/2022,"DOWNGA","398322",6/10/2022,,7/19/2022,0
"SAV",1917396,"MNR",475,0,0,0,"",0,"CMAU","893436",475,"N","SCHECA","SVC LOGISTICS INC",6/26/2022,7/26/2022,5/26/2022,5/28/2022,,"DOWNGA","400552",6/27/2022,,,0
"SAV",1917514,"MNR",376,0,0,0,"",0,"UACU","603507",376,"N","DJSITX","TREDIT TIRE & WHEEL",7/22/2022,8/21/2022,6/17/2022,6/18/2022,,"DOWNGA","403818",7/22/2022,,,0
"SAV",1920642,"MNR",370.5,0,0,0,"",0,"HLBU","152662",370.5,"N","HAPAGA","STAPLES WHSE #895",7/9/2022,8/8/2022,5/31/2022,6/13/2022,6/3/2022,"DOWNGA","400647",7/11/2022,,,0
"SAV",1918011,"PD",150,0,0,0,"",0,"ZCSU","657742",150,"N","SCHECA","SADDLECREEK WAREHOUSE",6/16/2022,7/16/2022,6/7/2022,6/10/2022,,"ZIM","DSAV1730322374",6/17/2022,,7/21/2022,0
"SAV",1908589,"PD",1710,0,0,0,"",0,"MSDU","409608",1710,"N","NIKCA","SUDDATH JACKSONVILLE",5/17/2022,6/16/2022,4/25/2022,4/29/2022,,"MSCSC","100001698619P",5/20/2022,,7/13/2022,0
""
"Note: From table  where EL_PR> 0."
"Date: 07/25/2022 16:00"
