"RECNO","TName","Company","Div_LES","Terminal","Status","ChassisNo","CONTAINERNO","LI_NO","QTY_LE","SVCCODE_LE","SVCDESCRIPTION_LE","RATECODE_LE","RATE_LE","CHGAMT_LE","chz_pickup_loc","Shipper_Name","ConsigneeID","Consignee_Name","BilltoID_LES","Billto_Name_LES","Preferred","WorkorderNo","PBI_RefNo","BOL","SSL","PU_Date","PU_Time","Original_SchedDelv","SchedDelv","Original_scheddelvtime","Scheddelvtime","POD_Date","POD_Time","Ingatedate","ReturnTo","CHZ_returnTo","CHZ_ingatedate","RECEIVEDBY","YARDID","LASTFREEDAY","FREEDAYS","LAST_RETURN","Linehaul_Amount","FSC_Amount","Line_Total","ChasFee_Total","EL_Bill_Total","DP_Total","MP_Total","Net_Total","Rel_Date","Billed_Date_LES","Rcvd_Date_LES"
1887139,"ELBilling","PBI","PBI","DIT","AC","DCNZ600083","BEAU5879456",1150,5,"YST","YARD STORAGE CHARGES","E",28,140,"","UP - DIT WILMER (V963)","NEOXPO","NEOVIA LOGISTICS - A59","SAMCA","Samsung Electronics America (SALS)","SAMCADC","T00603070422","","MEDUT5033773","MSC",12/10/2021,"1342",12/14/2021,12/14/2021,"2359","2359",12/14/2021,"0456",12/16/2021,"BNSFATX","BNSFATX",12/16/2021,"","PBWWRTX",7/23/2021,20,12/29/2021,0,0,0,0,0,0,0,0,7/19/2021,1/14/2022,1/21/2022
1887148,"ELBilling","PBI","PBI","DIT","AC","DCYZ441553","MSDU8319139",1149,5,"YST","YARD STORAGE CHARGES","E",28,140,"","UP - DIT WILMER (V963)","NEOXPO","NEOVIA LOGISTICS - A59","SAMCA","Samsung Electronics America (SALS)","SAMCADC","T00603070433","","MEDUT5033773","MSC",12/10/2021,"1426",12/14/2021,12/14/2021,"2359","2359",12/14/2021,"0707",12/17/2021,"BNSFATX","BNSFATX",12/17/2021,"","PBWWRTX",7/23/2021,20,12/29/2021,0,0,0,0,0,0,0,0,7/19/2021,1/14/2022,1/21/2022
1887306,"ELBilling","PBI","PBI","DIT","AC","NYKZ698487","CAIU4781691",1148,5,"YST","YARD STORAGE CHARGES","E",28,140,"","UP - DIT WILMER (V963)","NEOXPO","NEOVIA LOGISTICS - A59","SAMCA","Samsung Electronics America (SALS)","SAMCADC","T00604870775","","MEDUT5033773","MSC",12/10/2021,"1256",12/14/2021,12/14/2021,"2359","2359",12/14/2021,"0915",12/20/2021,"BNSFATX","BNSFATX",12/20/2021,"","PBWWRTX",7/23/2021,20,12/29/2021,0,0,0,0,0,0,0,0,7/20/2021,12/29/2021,1/14/2022
1897719,"Lineitem","PBI","PBI","DIT","99","TNPZ208274","MAGU2125568",3,2,"YST","YARD STORAGE CHARGES","E",40,80,"","UP - DIT WILMER (V963)","SANINTX","SANDEN INTERNATIONAL","ANCEXIL","Anchor Express Inc","ANCEXIL","PPILONW22297","","ONEYSH1ET2910900","ONE",1/4/2022,"1219",1/5/2022,1/5/2022,"0930","0930",1/5/2022,"0930",1/5/2022,"TLSHUTC","UPRRTX",1/5/2022,"","PBWWRTX",1/4/2022,5,1/10/2022,0,0,0,0,0,0,0,0,11/2/2021,1/7/2022,1/28/2022
1898463,"ELBilling","PBI","PBI","DIT","AC","APMZ420479","MSCU7006521",1148,5,"YST","YARD STORAGE CHARGES","E",28,140,"","UP - DIT WILMER (V963)","NEOXPO","NEOVIA LOGISTICS - A59","SAMCA","Samsung Electronics America (SALS)","SAMCADC","T00667551917","","MEDUT5033732","MSC",12/10/2021,"1339",12/14/2021,12/14/2021,"2359","2359",12/14/2021,"1034",12/19/2021,"BNSFATX","BNSFATX",12/19/2021,"","PBWWRTX",7/23/2021,20,12/29/2021,0,0,0,0,0,0,0,0,10/18/2021,12/29/2021,1/14/2022
1898464,"ELBilling","PBI","PBI","DIT","AC","TRZZ400350","CAIU7739592",1146,5,"YST","YARD STORAGE CHARGES","E",28,140,"","UP - DIT WILMER (V963)","NEOXPO","NEOVIA LOGISTICS - A59","SAMCA","Samsung Electronics America (SALS)","SAMCADC","T00667551542","","MEDUT5033732","MSC",12/10/2021,"1433",12/14/2021,12/14/2021,"2359","2359",12/14/2021,"0242",12/20/2021,"BNSFATX","BNSFATX",12/20/2021,"","PBWWRTX",7/23/2021,20,12/29/2021,0,0,0,0,0,0,0,0,10/18/2021,12/29/2021,1/14/2022
1898465,"ELBilling","PBI","PBI","DIT","AC","MAEC749133","MSMU7115034",1145,5,"YST","YARD STORAGE CHARGES","E",28,140,"","UP - DIT WILMER (V963)","NEOXPO","NEOVIA LOGISTICS - A59","SAMCA","Samsung Electronics America (SALS)","SAMCADC","T00667552317","","MEDUT5033732","MSC",12/10/2021,"1256",12/14/2021,12/14/2021,"2359","2359",12/14/2021,"0917",12/16/2021,"BNSFATX","BNSFATX",12/16/2021,"","PBWWRTX",7/23/2021,20,12/29/2021,0,0,0,0,0,0,0,0,10/18/2021,12/29/2021,1/14/2022
1898466,"ELBilling","PBI","PBI","DIT","AC","APMZ407723","CAIU9597223",1144,5,"YST","YARD STORAGE CHARGES","E",28,140,"","UP - DIT WILMER (V963)","NEOXPO","NEOVIA LOGISTICS - A59","SAMCA","Samsung Electronics America (SALS)","SAMCADC","T00667551735","","MEDUT5033732","MSC",12/10/2021,"1421",12/14/2021,12/14/2021,"2359","2359",12/14/2021,"0720",12/18/2021,"BNSFATX","BNSFATX",12/18/2021,"","PBWWRTX",7/23/2021,20,12/29/2021,0,0,0,0,0,0,0,0,10/18/2021,12/29/2021,1/14/2022
1898467,"ELBilling","PBI","PBI","DIT","AC","DCNZ435141","MSDU7994718",1144,5,"YST","YARD STORAGE CHARGES","E",28,140,"","UP - DIT WILMER (V963)","NEOXPO","NEOVIA LOGISTICS - A59","SAMCA","Samsung Electronics America (SALS)","SAMCADC","T00667552215","","MEDUT5033732","MSC",12/10/2021,"1341",12/14/2021,12/14/2021,"2359","2359",12/14/2021,"0522",12/17/2021,"BNSFATX","BNSFATX",12/17/2021,"","PBWWRTX",7/23/2021,20,12/29/2021,0,0,0,0,0,0,0,0,10/18/2021,12/29/2021,1/14/2022
1898810,"Lineitem","PBI","PBI","DIT","99","TNPZ224840","BMOU2199444",3,3,"YST","YARD STORAGE CHARGES","E",40,120,"","UP - DIT WILMER (V963)","SANINTX","SANDEN INTERNATIONAL","ANCEXIL","Anchor Express Inc","ANCEXIL","PPILONW22314","","ONEYSH1ET2927300","ONE",1/4/2022,"1217",1/6/2022,1/6/2022,"0930","0930",1/6/2022,"0908",1/6/2022,"WBCNTTX","ESSTX",1/6/2022,"","PBWWRTX",1/4/2022,5,1/10/2022,0,0,0,0,0,0,0,0,11/9/2021,1/10/2022,1/28/2022
1898866,"ELBilling","PBI","PBI","DIT","AC","TNPZ467864","TCLU6358387",816,4,"YST","YARD STORAGE CHARGES","E",28,112,"","UP - DIT WILMER (V963)","SAMTX","BEST BUY 075 C/O SAMSUNG","SAMCA","Samsung Electronics America (SALS)","SAMCADR","CHI3663449-CHI26407138","","SELBC2983900","ONE",12/11/2021,"0744",12/14/2021,12/14/2021,"0530","0530",12/14/2021,"0502",12/14/2021,"UPRRTX","UPRRTX",12/14/2021,"","PBWWRTX",12/12/2021,20,12/30/2021,0,0,0,0,0,0,0,0,10/25/2021,,
1900483,"ELBilling","PBI","PBI","DIT","AC","TNPZ490682","SMCU1144488",1722,4,"YST","YARD STORAGE CHARGES","E",28,112,"","UP - DIT WILMER (V963)","LOWADTX","LOWE'S ADC 3270","SAMCA","Samsung Electronics America (SALS)","SAMCADR","PHX6895975","","BKK1A4313100","SME",12/17/2021,"1352",12/20/2021,12/20/2021,"2359","2359",12/20/2021,"1233",12/31/2021,"UPRRTX","UPRRTX",12/31/2021,"","PBWWRTX",12/17/2021,20,1/5/2022,0,0,0,0,0,0,0,0,11/9/2021,,
1900484,"ELBilling","PBI","PBI","DIT","AC","TNPZ504224","SMCU1232085",1721,1,"YST","YARD STORAGE CHARGES","E",28,28,"","UP - DIT WILMER (V963)","LOWADTX","LOWE'S ADC 3270","SAMCA","Samsung Electronics America (SALS)","SAMCADR","PHX6895975","","BKK1A4314200","SME",12/17/2021,"1508",12/20/2021,,"2359","0000",,"",,"","",,"","PBWWRTX",12/17/2021,20,1/5/2022,0,0,0,0,0,0,0,0,11/9/2021,,
1900485,"ELBilling","PBI","PBI","DIT","AC","TNPZ424323","BEAU6274979",1719,25,"YST","YARD STORAGE CHARGES","E",28,700,"","UP - DIT WILMER (V963)","LOWADTX","LOWE'S ADC 3270","SAMCA","Samsung Electronics America (SALS)","SAMCADR","PHX6895975","","BKK1A4315300","SME",12/17/2021,"0816",12/20/2021,1/10/2022,"2359","2359",1/10/2022,"0835",1/19/2022,"UPRRTX","UPRRTX",1/19/2022,"","PBWWRTX",12/17/2021,20,1/5/2022,0,0,0,0,0,0,0,0,11/9/2021,,
1900486,"ELBilling","PBI","PBI","DIT","AC","TNPZ467240","SMCU1196075",1717,4,"YST","YARD STORAGE CHARGES","E",28,112,"","UP - DIT WILMER (V963)","LOWADTX","LOWE'S ADC 3270","SAMCA","Samsung Electronics America (SALS)","SAMCADR","PHX6895975","","BKK1A4316400","SME",12/17/2021,"0734",12/20/2021,12/20/2021,"2359","2359",12/20/2021,"0915",12/31/2021,"UPRRTX","UPRRTX",12/31/2022,"","PBWWRTX",12/17/2021,20,1/5/2022,0,0,0,0,0,0,0,0,11/9/2021,,
1900487,"ELBilling","PBI","PBI","DIT","AC","TNPZ427906","BEAU6282207",1715,4,"YST","YARD STORAGE CHARGES","E",28,112,"","UP - DIT WILMER (V963)","LOWADTX","LOWE'S ADC 3270","SAMCA","Samsung Electronics America (SALS)","SAMCADR","PHX6895975","","BKK1A4370400","SME",12/17/2021,"0704",12/20/2021,12/20/2021,"2359","2359",12/20/2021,"0550",1/13/2022,"UPRRTX","UPRRTX",1/13/2022,"","PBWWRTX",12/17/2021,20,1/5/2022,0,0,0,0,0,0,0,0,11/9/2021,,
1900488,"ELBilling","PBI","PBI","DIT","AC","TNPZ496721","DRYU9334070",1712,4,"YST","YARD STORAGE CHARGES","E",28,112,"","UP - DIT WILMER (V963)","LOWADTX","LOWE'S ADC 3270","SAMCA","Samsung Electronics America (SALS)","SAMCADR","PHX6895975","","BKK1A4379600","SME",12/17/2021,"0809",12/20/2021,12/20/2021,"2359","2359",12/20/2021,"1057",12/31/2021,"UPRRTX","UPRRTX",12/31/2021,"","PBWWRTX",12/17/2021,20,1/5/2022,0,0,0,0,0,0,0,0,11/9/2021,,
1900489,"ELBilling","PBI","PBI","DIT","AC","TNPZ495246","FCIU8858064",1709,4,"YST","YARD STORAGE CHARGES","E",28,112,"","UP - DIT WILMER (V963)","LOWADTX","LOWE'S ADC 3270","SAMCA","Samsung Electronics America (SALS)","SAMCADR","PHX6895975","","BKK1A4310500","SME",12/17/2021,"0810",12/20/2021,12/20/2021,"2359","2359",12/20/2021,"1036",12/31/2021,"UPRRTX","UPRRTX",12/31/2021,"","PBWWRTX",12/17/2021,20,1/5/2022,0,0,0,0,0,0,0,0,11/9/2021,,
1900765,"ELBilling","PBI","PBI","DIT","AC","TNPZ470151","CCLU4603318",1426,2,"YST","YARD STORAGE CHARGES","E",28,56,"","UP - DIT WILMER (V963)","SAMTX","BEST BUY 075 C/O SAMSUNG","SAMCA","Samsung Electronics America (SALS)","SAMCADR","PHX6896094","","SEL1J3088100","SME",12/16/2021,"0517",12/17/2021,12/17/2021,"0630","0630",12/17/2021,"0632",12/17/2021,"UPRRTX","UPRRTX",12/17/2021,"","PBWWRTX",12/16/2021,20,1/4/2022,0,0,0,0,0,0,0,0,11/12/2021,,
1900766,"ELBilling","PBI","PBI","DIT","AC","TNPZ430486","SMCU1113595",1433,2,"YST","YARD STORAGE CHARGES","E",28,56,"","UP - DIT WILMER (V963)","SAMTX","BEST BUY 075 C/O SAMSUNG","SAMCA","Samsung Electronics America (SALS)","SAMCADR","PHX6896094","","SEL1J3088104","SME",12/16/2021,"0903",12/17/2021,12/17/2021,"0700","0700",12/17/2021,"0650",12/17/2021,"UPRRTX","UPRRTX",12/17/2021,"","PBWWRTX",12/16/2021,20,1/4/2022,0,0,0,0,0,0,0,0,11/12/2021,,
1900768,"ELBilling","PBI","PBI","DIT","AC","TNPZ497055","CLHU8442802",1431,5,"YST","YARD STORAGE CHARGES","E",28,140,"","UP - DIT WILMER (V963)","SAMTX","BEST BUY 075 C/O SAMSUNG","SAMCA","Samsung Electronics America (SALS)","SAMCADR","PHX6896094","","SEL1J3088106","SME",12/16/2021,"1037",12/20/2021,12/20/2021,"0530","0530",12/20/2021,"0440",12/20/2021,"UPRRTX","UPRRTX",12/20/2021,"","PBWWRTX",12/16/2021,20,1/4/2022,0,0,0,0,0,0,0,0,11/12/2021,,
1900769,"ELBilling","PBI","PBI","DIT","AC","TNPZ479212","SMCU7014305",1034,2,"YST","YARD STORAGE CHARGES","E",28,56,"","UP - DIT WILMER (V963)","SAMTX","BEST BUY 075 C/O SAMSUNG","SAMCA","Samsung Electronics America (SALS)","SAMCADR","PHX6896094","","SEL1J3088107","SME",12/15/2021,"0955",12/16/2021,12/16/2021,"0700","0700",12/16/2021,"0630",12/16/2021,"UPRRTX","UPRRTX",12/16/2021,"","PBWWRTX",12/15/2021,20,1/3/2022,0,0,0,0,0,0,0,0,11/12/2021,,
1900770,"ELBilling","PBI","PBI","DIT","AC","TNPZ437424","DRYU9597693",1537,2,"YST","YARD STORAGE CHARGES","E",28,56,"","UP - DIT WILMER (V963)","SAMTX","BEST BUY 075 C/O SAMSUNG","SAMCA","Samsung Electronics America (SALS)","SAMCADR","PHX6896094","","SEL1J3088108","SME",12/16/2021,"1135",12/17/2021,12/17/2021,"0600","0600",12/17/2021,"0533",12/17/2021,"UPRRTX","UPRRTX",12/17/2021,"","PBWWRTX",12/16/2021,20,1/4/2022,0,0,0,0,0,0,0,0,11/12/2021,,
1900772,"ELBilling","PBI","PBI","DIT","AC","TNPZ445612","GESU4724293",1425,2,"YST","YARD STORAGE CHARGES","E",28,56,"","UP - DIT WILMER (V963)","SAMTX","BEST BUY 075 C/O SAMSUNG","SAMCA","Samsung Electronics America (SALS)","SAMCADR","PHX6896094","","SEL1J3088102","SME",12/16/2021,"1139",12/17/2021,12/17/2021,"0600","0600",12/17/2021,"0533",12/17/2021,"UPRRTX","UPRRTX",12/17/2021,"","PBWWRTX",12/16/2021,20,1/4/2022,0,0,0,0,0,0,0,0,11/12/2021,,
1900773,"ELBilling","PBI","PBI","DIT","AC","TNPZ529567","SMCU1105049",740,4,"YST","YARD STORAGE CHARGES","E",28,112,"","UP - DIT WILMER (V963)","SAMTX","BEST BUY 075 C/O SAMSUNG","SAMCA","Samsung Electronics America (SALS)","SAMCADR","PHX6896094","","SEL1J3088101","SME",12/20/2021,"1218",12/23/2021,12/23/2021,"0700","0700",12/23/2021,"0720",12/23/2021,"UPRRTX","UPRRTX",12/23/2021,"","PBWWRTX",12/21/2021,20,1/8/2022,0,0,0,0,0,0,0,0,11/12/2021,,
1900774,"ELBilling","PBI","PBI","DIT","AC","TNPZ494989","SMCU7013741",739,4,"YST","YARD STORAGE CHARGES","E",28,112,"","UP - DIT WILMER (V963)","SAMTX","BEST BUY 075 C/O SAMSUNG","SAMCA","Samsung Electronics America (SALS)","SAMCADR","PHX6896094","","SEL1J3088112","SME",12/20/2021,"0847",12/23/2021,12/23/2021,"0700","0700",12/23/2021,"0633",12/23/2021,"UPRRTX","UPRRTX",12/23/2021,"","PBWWRTX",12/20/2021,20,1/8/2022,0,0,0,0,0,0,0,0,11/12/2021,,
1900775,"ELBilling","PBI","PBI","DIT","AC","TNPZ419306","FCGU1999696",1033,2,"YST","YARD STORAGE CHARGES","E",28,56,"","UP - DIT WILMER (V963)","SAMTX","BEST BUY 075 C/O SAMSUNG","SAMCA","Samsung Electronics America (SALS)","SAMCADR","PHX6896094","","SEL1J3088111","SME",12/15/2021,"1050",12/16/2021,12/16/2021,"0600","0600",12/16/2021,"0522",12/16/2021,"UPRRTX","UPRRTX",12/16/2021,"","PBWWRTX",12/15/2021,20,1/3/2022,0,0,0,0,0,0,0,0,11/12/2021,,
1900776,"ELBilling","PBI","PBI","DIT","AC","TNPZ423442","SMCU1127670",1429,3,"YST","YARD STORAGE CHARGES","E",28,84,"","UP - DIT WILMER (V963)","SAMTX","BEST BUY 075 C/O SAMSUNG","SAMCA","Samsung Electronics America (SALS)","SAMCADR","PHX6896094","","SEL1J3088109","SME",12/15/2021,"0848",12/17/2021,12/17/2021,"0530","0530",12/17/2021,"0430",12/17/2021,"UPRRTX","UPRRTX",12/17/2021,"","PBWWRTX",12/16/2021,20,1/3/2022,0,0,0,0,0,0,0,0,11/12/2021,,
1901320,"ELBilling","PBI","PBI","DIT","AC","TNPZ467269","BEAU6280966",1318,26,"YST","YARD STORAGE CHARGES","E",28,728,"","UP - DIT WILMER (V963)","LOWADTX","LOWE'S ADC 3270","SAMCA","Samsung Electronics America (SALS)","SAMCADR","PHX6896379","","SEL1J4230502","SME",1/4/2022,"1129",1/14/2022,1/29/2022,"2359","2359",1/29/2022,"1200",2/5/2022,"UPRRTX","UPRRTX",2/5/2022,"","PBWWRTX",1/4/2022,20,1/23/2022,0,0,0,0,0,0,0,0,11/22/2021,,
1901321,"ELBilling","PBI","PBI","DIT","AC","TNPZ432404","SMCU1197554",1315,11,"YST","YARD STORAGE CHARGES","E",28,308,"","UP - DIT WILMER (V963)","LOWADTX","LOWE'S ADC 3270","SAMCA","Samsung Electronics America (SALS)","SAMCADR","PHX6896379","","SEL1J4230503","SME",1/4/2022,"0940",1/14/2022,1/14/2022,"2359","2359",1/14/2022,"0415",1/20/2022,"UPRRTX","UPRRTX",1/20/2022,"","PBWWRTX",1/4/2022,20,1/23/2022,0,0,0,0,0,0,0,0,11/22/2021,,
1901322,"ELBilling","PBI","PBI","DIT","AC","TNPZ451041","GAOU6021280",1312,26,"YST","YARD STORAGE CHARGES","E",28,728,"","UP - DIT WILMER (V963)","LOWADTX","LOWE'S ADC 3270","SAMCA","Samsung Electronics America (SALS)","SAMCADR","PHX6896379","","SEL1J4230500","SME",1/4/2022,"0952",1/14/2022,1/29/2022,"2359","2359",1/29/2022,"1200",2/9/2022,"TLSHUTC","UPRRTX",2/9/2022,"","PBWWRTX",1/4/2022,20,1/23/2022,0,0,0,0,0,0,0,0,11/22/2021,,
1901323,"ELBilling","PBI","PBI","DIT","AC","TNPZ499437","FCIU8424052",945,31,"YST","YARD STORAGE CHARGES","E",28,868,"","UP - DIT WILMER (V963)","LOWADTX","LOWE'S ADC 3270","SAMCA","Samsung Electronics America (SALS)","SAMCADR","PHX6896379","","SEL1J4230501","SME",1/14/2022,"0623",2/3/2022,2/13/2022,"2359","2359",2/13/2022,"1137",,"","",,"","PBWWRTX",1/14/2022,20,2/2/2022,0,0,0,0,0,0,0,0,11/22/2021,,
1901324,"ELBilling","PBI","PBI","DIT","AC","TNPZ496882","DRYU9666520",947,33,"YST","YARD STORAGE CHARGES","E",28,924,"","UP - DIT WILMER (V963)","LOWADTX","LOWE'S ADC 3270","SAMCA","Samsung Electronics America (SALS)","SAMCADR","PHX6896379","","SEL1J4230504","SME",1/14/2022,"0716",2/3/2022,2/15/2022,"2359","2359",,"",,"","",,"","PBWWRTX",1/14/2022,20,2/2/2022,0,0,0,0,0,0,0,0,11/22/2021,,
1901325,"ELBilling","PBI","PBI","DIT","AC","TNPZ405240","DFSU7068768",1310,26,"YST","YARD STORAGE CHARGES","E",28,728,"","UP - DIT WILMER (V963)","LOWADTX","LOWE'S ADC 3270","SAMCA","Samsung Electronics America (SALS)","SAMCADR","PHX6896379","","SEL1J4230511","SME",1/4/2022,"1123",1/14/2022,1/29/2022,"2359","2359",1/29/2022,"1100",2/5/2022,"UPRRTX","UPRRTX",2/5/2022,"","PBWWRTX",1/4/2022,20,1/23/2022,0,0,0,0,0,0,0,0,11/22/2021,,
1901326,"ELBilling","PBI","PBI","DIT","AC","TNPZ446852","DFSU7285866",949,33,"YST","YARD STORAGE CHARGES","E",28,924,"","UP - DIT WILMER (V963)","LOWADTX","LOWE'S ADC 3270","SAMCA","Samsung Electronics America (SALS)","SAMCADR","PHX6896379","","SEL1J4230507","SME",1/14/2022,"0709",2/3/2022,2/15/2022,"2359","2359",,"",,"","",,"","PBWWRTX",1/14/2022,20,2/2/2022,0,0,0,0,0,0,0,0,11/22/2021,,
1901327,"ELBilling","PBI","PBI","DIT","AC","TNPZ497207","SMCU1233646",951,28,"YST","YARD STORAGE CHARGES","E",28,784,"","UP - DIT WILMER (V963)","LOWADTX","LOWE'S ADC 3270","SAMCA","Samsung Electronics America (SALS)","SAMCADR","PHX6896379","","SEL1J4230506","SME",1/14/2022,"0620",2/3/2022,2/15/2022,"2359","2359",,"",,"","",,"","PBWWRTX",1/14/2022,20,2/2/2022,0,0,0,0,0,0,0,0,11/22/2021,,
1901328,"ELBilling","PBI","PBI","DIT","AC","TNPZ468134","BEAU6323271",1308,37,"YST","YARD STORAGE CHARGES","E",28,1036,"","UP - DIT WILMER (V963)","LOWADTX","LOWE'S ADC 3270","SAMCA","Samsung Electronics America (SALS)","SAMCADR","PHX6896379","","SEL1J4230505","SME",1/4/2022,"0922",1/14/2022,2/9/2022,"2359","2359",2/9/2022,"1115",2/10/2022,"TLSHUTC","UPRRTX",2/10/2022,"","PBWWRTX",1/4/2022,20,1/23/2022,0,0,0,0,0,0,0,0,11/22/2021,,
1901329,"ELBilling","PBI","PBI","DIT","AC","TNPZ421352","SMCU1277541",1306,26,"YST","YARD STORAGE CHARGES","E",28,728,"","UP - DIT WILMER (V963)","LOWADTX","LOWE'S ADC 3270","SAMCA","Samsung Electronics America (SALS)","SAMCADR","PHX6896379","","SEL1J4230513","SME",1/4/2022,"1017",1/14/2022,1/29/2022,"2359","2359",1/29/2022,"1100",2/5/2022,"UPRRTX","UPRRTX",2/5/2022,"","PBWWRTX",1/4/2022,20,1/23/2022,0,0,0,0,0,0,0,0,11/22/2021,,
1901330,"ELBilling","PBI","PBI","DIT","AC","TNPZ467891","CAAU5246090",1300,37,"YST","YARD STORAGE CHARGES","E",28,1036,"","UP - DIT WILMER (V963)","LOWADTX","LOWE'S ADC 3270","SAMCA","Samsung Electronics America (SALS)","SAMCADR","PHX6896379","","SEL1J4230512","SME",1/4/2022,"0852",1/14/2022,2/9/2022,"2359","2359",2/9/2022,"0948",2/10/2022,"TLSHUTC","UPRRTX",2/10/2022,"","PBWWRTX",1/4/2022,20,1/23/2022,0,0,0,0,0,0,0,0,11/22/2021,,
1901331,"ELBilling","PBI","PBI","DIT","AC","TNPZ490450","CAIU4554384",953,33,"YST","YARD STORAGE CHARGES","E",28,924,"","UP - DIT WILMER (V963)","LOWADTX","LOWE'S ADC 3270","SAMCA","Samsung Electronics America (SALS)","SAMCADR","PHX6896379","","SEL1J4230508","SME",1/14/2022,"0622",2/3/2022,2/15/2022,"2359","2359",,"",,"","",,"","PBWWRTX",1/14/2022,20,2/2/2022,0,0,0,0,0,0,0,0,11/22/2021,,
1901332,"ELBilling","PBI","PBI","DIT","AC","TNPZ467949","SMCU1177199",956,33,"YST","YARD STORAGE CHARGES","E",28,924,"","UP - DIT WILMER (V963)","LOWADTX","LOWE'S ADC 3270","SAMCA","Samsung Electronics America (SALS)","SAMCADR","PHX6896379","","SEL1J4230509","SME",1/14/2022,"0540",2/3/2022,2/15/2022,"2359","2359",,"",,"","",,"","PBWWRTX",1/14/2022,20,2/2/2022,0,0,0,0,0,0,0,0,11/22/2021,,
1901333,"ELBilling","PBI","PBI","DIT","AC","TNPZ400913","SMCU1175581",958,33,"YST","YARD STORAGE CHARGES","E",28,924,"","UP - DIT WILMER (V963)","LOWADTX","LOWE'S ADC 3270","SAMCA","Samsung Electronics America (SALS)","SAMCADR","PHX6896379","","SEL1J4230510","SME",1/14/2022,"0624",2/3/2022,2/15/2022,"2359","2359",,"",,"","",,"","PBWWRTX",1/14/2022,20,2/2/2022,0,0,0,0,0,0,0,0,11/22/2021,,
1901460,"ELBilling","PBI","PBI","DIT","AC","TNPZ456828","SMCU1011042",900,17,"YST","YARD STORAGE CHARGES","E",28,476,"","UP - DIT WILMER (V963)","LOWADTX","LOWE'S ADC 3270","SAMCA","Samsung Electronics America (SALS)","SAMCADR","PHX6896439","","BKK1A4780200","SME",1/8/2022,"0809",1/11/2022,1/24/2022,"2359","2359",1/24/2022,"0637",1/29/2022,"UPRRTX","UPRRTX",1/29/2022,"","PBWWRTX",1/9/2022,20,1/27/2022,0,0,0,0,0,0,0,0,11/22/2021,,
1901461,"ELBilling","PBI","PBI","DIT","AC","TNPZ447433","SMCU1209850",1257,37,"YST","YARD STORAGE CHARGES","E",28,1036,"","UP - DIT WILMER (V963)","LOWADTX","LOWE'S ADC 3270","SAMCA","Samsung Electronics America (SALS)","SAMCADR","PHX6896439","","BKK1A4781300","SME",1/4/2022,"0317",1/14/2022,2/9/2022,"2359","2359",2/9/2022,"1115",2/10/2022,"TLSHUTC","UPRRTX",2/10/2022,"","PBWWRTX",1/4/2022,20,1/23/2022,0,0,0,0,0,0,0,0,11/22/2021,,
1901462,"ELBilling","PBI","PBI","DIT","AC","TNPZ448419","CAIU4365502",1247,37,"YST","YARD STORAGE CHARGES","E",28,1036,"","UP - DIT WILMER (V963)","LOWADTX","LOWE'S ADC 3270","SAMCA","Samsung Electronics America (SALS)","SAMCADR","PHX6896439","","BKK1A4784600","SME",1/4/2022,"1318",1/14/2022,2/9/2022,"2359","2359",2/9/2022,"1113",2/10/2022,"TLSHUTC","UPRRTX",2/10/2022,"","PBWWRTX",1/4/2022,20,1/23/2022,0,0,0,0,0,0,0,0,11/22/2021,,
1901463,"ELBilling","PBI","PBI","DIT","AC","TNPZ452590","SMCU1170960",1249,37,"YST","YARD STORAGE CHARGES","E",28,1036,"","UP - DIT WILMER (V963)","LOWADTX","LOWE'S ADC 3270","SAMCA","Samsung Electronics America (SALS)","SAMCADR","PHX6896439","","BKK1A4782400","SME",1/4/2022,"1055",1/14/2022,2/9/2022,"2359","2359",2/9/2022,"0813",2/10/2022,"TLSHUTC","UPRRTX",2/10/2022,"","PBWWRTX",1/4/2022,20,1/23/2022,0,0,0,0,0,0,0,0,11/22/2021,,
1901464,"ELBilling","PBI","PBI","DIT","AC","TNPZ516016","CAIU9920341",913,15,"YST","YARD STORAGE CHARGES","E",28,420,"","UP - DIT WILMER (V963)","LOWADTX","LOWE'S ADC 3270","SAMCA","Samsung Electronics America (SALS)","SAMCADR","PHX6896439","","BKK1A4783500","SME",1/10/2022,"0347",1/24/2022,1/24/2022,"2359","2359",1/24/2022,"0527",1/25/2022,"UPRRTX","UPRRTX",1/25/2022,"","PBWWRTX",1/10/2022,20,1/29/2022,0,0,0,0,0,0,0,0,11/22/2021,,
1901465,"ELBilling","PBI","PBI","DIT","AC","TNPZ447584","SMCU1149366",915,16,"YST","YARD STORAGE CHARGES","E",28,448,"","UP - DIT WILMER (V963)","LOWADTX","LOWE'S ADC 3270","SAMCA","Samsung Electronics America (SALS)","SAMCADR","PHX6896439","","BKK1A4785700","SME",1/10/2022,"1201",1/25/2022,1/25/2022,"2359","2359",1/25/2022,"0524",1/29/2022,"UPRRTX","UPRRTX",1/29/2022,"","PBWWRTX",1/10/2022,20,1/29/2022,0,0,0,0,0,0,0,0,11/22/2021,,
1901466,"ELBilling","PBI","PBI","DIT","AC","TNPZ468824","SMCU1007823",1233,10,"YST","YARD STORAGE CHARGES","E",28,280,"","UP - DIT WILMER (V963)","LOWADTX","LOWE'S ADC 3270","SAMCA","Samsung Electronics America (SALS)","SAMCADR","PHX6896439","","BKK1A4809400","SME",1/4/2022,"0927",1/13/2022,1/13/2022,"2359","2359",1/13/2022,"0722",1/20/2022,"UPRRTX","UPRRTX",1/20/2022,"","PBWWRTX",1/4/2022,20,1/23/2022,0,0,0,0,0,0,0,0,11/23/2021,,
1901467,"ELBilling","PBI","PBI","DIT","AC","TNPZ499507","GAOU6021439",857,17,"YST","YARD STORAGE CHARGES","E",28,476,"","UP - DIT WILMER (V963)","LOWADTX","LOWE'S ADC 3270","SAMCA","Samsung Electronics America (SALS)","SAMCADR","PHX6896439","","BKK1A4810300","SME",1/8/2022,"0810",1/24/2022,1/24/2022,"2359","2359",1/24/2022,"0649",1/27/2022,"UPRRTX","UPRRTX",1/27/2022,"","PBWWRTX",1/9/2022,20,1/27/2022,0,0,0,0,0,0,0,0,11/23/2021,,
1901468,"ELBilling","PBI","PBI","DIT","AC","TNPZ492373","CAIU7947087",1244,37,"YST","YARD STORAGE CHARGES","E",28,1036,"","UP - DIT WILMER (V963)","LOWADTX","LOWE'S ADC 3270","SAMCA","Samsung Electronics America (SALS)","SAMCADR","PHX6896439","","BKK1A4811400","SME",1/4/2022,"1056",1/14/2022,2/9/2022,"2359","2359",2/9/2022,"1229",2/11/2022,"TLSHUTC","UPRRTX",2/11/2022,"","PBWWRTX",1/4/2022,20,1/23/2022,0,0,0,0,0,0,0,0,11/23/2021,,
1901469,"ELBilling","PBI","PBI","DIT","AC","TNPZ445632","BEAU6289264",1242,37,"YST","YARD STORAGE CHARGES","E",28,1036,"","UP - DIT WILMER (V963)","LOWADTX","LOWE'S ADC 3270","SAMCA","Samsung Electronics America (SALS)","SAMCADR","PHX6896439","","BKK1A4812500","SME",1/4/2022,"1014",1/14/2022,2/9/2022,"2359","2359",2/9/2022,"1027",2/10/2022,"TLSHUTC","UPRRTX",2/10/2022,"","PBWWRTX",1/4/2022,20,1/23/2022,0,0,0,0,0,0,0,0,11/23/2021,,
1901470,"ELBilling","PBI","PBI","DIT","AC","TNPZ470510","SMCU1307754",1240,10,"YST","YARD STORAGE CHARGES","E",28,280,"","UP - DIT WILMER (V963)","LOWADTX","LOWE'S ADC 3270","SAMCA","Samsung Electronics America (SALS)","SAMCADR","PHX6896439","","BKK1A4813600","SME",1/4/2022,"0841",1/13/2022,1/13/2022,"2359","2359",1/13/2022,"0804",1/22/2022,"UPRRTX","UPRRTX",1/22/2022,"","PBWWRTX",1/4/2022,20,1/23/2022,0,0,0,0,0,0,0,0,11/23/2021,,
1901471,"ELBilling","PBI","PBI","DIT","AC","TNPZ498105","SEGU4824234",1237,10,"YST","YARD STORAGE CHARGES","E",28,280,"","UP - DIT WILMER (V963)","LOWADTX","LOWE'S ADC 3270","SAMCA","Samsung Electronics America (SALS)","SAMCADR","PHX6896439","","BKK1A4814700","SME",1/4/2022,"1419",1/13/2022,1/13/2022,"2359","2359",1/13/2022,"0532",1/22/2022,"UPRRTX","UPRRTX",1/22/2022,"","PBWWRTX",1/4/2022,20,1/23/2022,0,0,0,0,0,0,0,0,11/23/2021,,
1901472,"ELBilling","PBI","PBI","DIT","AC","TNPZ495180","SMCU1053388",1235,10,"YST","YARD STORAGE CHARGES","E",28,280,"","UP - DIT WILMER (V963)","LOWADTX","LOWE'S ADC 3270","SAMCA","Samsung Electronics America (SALS)","SAMCADR","PHX6896439","","BKK1A4808300","SME",1/4/2022,"0824",1/13/2022,1/13/2022,"2359","2359",1/13/2022,"0955",1/20/2022,"UPRRTX","UPRRTX",1/20/2022,"","PBWWRTX",1/4/2022,20,1/23/2022,0,0,0,0,0,0,0,0,11/23/2021,,
1901519,"ELBilling","PBI","PBI","DIT","AC","TNPZ432491","FCIU9335216",836,3,"YST","YARD STORAGE CHARGES","E",28,84,"","UP - DIT WILMER (V963)","SAMTX","BEST BUY 075 C/O SAMSUNG","SAMCA","Samsung Electronics America (SALS)","SAMCADR","PHX6896442","","BKK1A4800200","SME",1/17/2022,"1013",1/18/2022,1/19/2022,"0830","0700",1/19/2022,"0634",1/19/2022,"UPRRTX","UPRRTX",1/19/2022,"","PBWWRTX",1/17/2022,20,2/5/2022,0,0,0,0,0,0,0,0,11/23/2021,,
1901520,"ELBilling","PBI","PBI","DIT","AC","TNPZ470273","CCLU6839766",1650,4,"YST","YARD STORAGE CHARGES","E",28,112,"","UP - DIT WILMER (V963)","SAMTX","BEST BUY 075 C/O SAMSUNG","SAMCA","Samsung Electronics America (SALS)","SAMCADR","PHX6896442","","BKK1A4799500","SME",1/14/2022,"0836",1/17/2022,1/17/2022,"1000","1000",1/17/2022,"0928",1/17/2022,"UPRRTX","UPRRTX",1/17/2022,"","PBWWRTX",1/14/2022,20,2/2/2022,0,0,0,0,0,0,0,0,11/23/2021,,
1901521,"ELBilling","PBI","PBI","DIT","AC","TNPZ447695","SMCU1189728",826,4,"YST","YARD STORAGE CHARGES","E",28,112,"","UP - DIT WILMER (V963)","SAMTX","BEST BUY 075 C/O SAMSUNG","SAMCA","Samsung Electronics America (SALS)","SAMCADR","PHX6896442","","BKK1A4786100","SME",1/10/2022,"0920",1/13/2022,1/13/2022,"0530","0530",1/13/2022,"0502",1/13/2022,"UPRRTX","UPRRTX",1/13/2022,"","PBWWRTX",1/10/2022,20,1/29/2022,0,0,0,0,0,0,0,0,11/23/2021,,
1901522,"ELBilling","PBI","PBI","DIT","AC","TNPZ429912","SMCU1090170",1357,9,"YST","YARD STORAGE CHARGES","E",28,252,"","UP - DIT WILMER (V963)","SAMTX","BEST BUY 075 C/O SAMSUNG","SAMCA","Samsung Electronics America (SALS)","SAMCADR","PHX6896442","","BKK1A4805700","SME",1/4/2022,"0613",1/11/2022,1/11/2022,"0530","0530",1/11/2022,"0456",1/11/2022,"UPRRTX","UPRRTX",1/11/2022,"","PBWWRTX",1/4/2022,20,1/23/2022,0,0,0,0,0,0,0,0,11/23/2021,,
1901523,"ELBilling","PBI","PBI","DIT","AC","TNPZ468204","SMCU1127599",848,8,"YST","YARD STORAGE CHARGES","E",28,224,"","UP - DIT WILMER (V963)","SAMTX","BEST BUY 075 C/O SAMSUNG","SAMCA","Samsung Electronics America (SALS)","SAMCADR","PHX6896442","","BKK1A4804600","SME",1/4/2022,"0903",1/11/2022,1/11/2022,"0600","0600",1/11/2022,"0540",1/11/2022,"UPRRTX","UPRRTX",1/11/2022,"","PBWWRTX",1/4/2022,20,1/23/2022,0,0,0,0,0,0,0,0,11/23/2021,,
1901524,"ELBilling","PBI","PBI","DIT","AC","UTHZ431374","SMCU1110770",851,8,"YST","YARD STORAGE CHARGES","E",28,224,"","UP - DIT WILMER (V963)","SAMTX","BEST BUY 075 C/O SAMSUNG","SAMCA","Samsung Electronics America (SALS)","SAMCADR","PHX6896442","","BKK1A4806100","SME",1/4/2022,"0809",1/11/2022,1/11/2022,"0630","0630",1/11/2022,"0540",1/11/2022,"UPRRTX","UPRRTX",1/11/2022,"","PBWWRTX",1/4/2022,20,1/23/2022,0,0,0,0,0,0,0,0,11/23/2021,,
1901525,"ELBilling","PBI","PBI","DIT","AC","TNPZ498574","SMCU1183015",855,7,"YST","YARD STORAGE CHARGES","E",28,196,"","UP - DIT WILMER (V963)","SAMTX","BEST BUY 075 C/O SAMSUNG","SAMCA","Samsung Electronics America (SALS)","SAMCADR","PHX6896442","","BKK1A4807200","SME",1/4/2022,"0603",1/10/2022,1/10/2022,"0530","0530",1/10/2022,"0501",1/10/2022,"UPRRTX","UPRRTX",1/10/2022,"","PBWWRTX",1/4/2022,20,1/23/2022,0,0,0,0,0,0,0,0,11/23/2021,,
1901811,"ELBilling","PBI","PBI","DIT","AC","MAEC671002","GAOU6346795",1111,2,"YST","YARD STORAGE CHARGES","E",28,56,"","UP - DIT WILMER (V963)","SAMTX","BEST BUY 075 C/O SAMSUNG","SAMCA","Samsung Electronics America (SALS)","SAMCADR","JDAL21002051998","","LCHM04832700","HII",12/7/2021,"0924",12/8/2021,12/8/2021,"0530","0530",12/8/2021,"0501",12/8/2021,"UPRRTX","UPRRTX",12/8/2021,"","PBWWRTX",12/7/2021,20,12/26/2021,0,0,0,0,0,0,0,0,10/5/2021,,
1902677,"ELBilling","PBI","PBI","DIT","AC","FVXZ179578","TCNU1699433",1239,9,"YST","YARD STORAGE CHARGES","E",28,252,"","UP - DIT WILMER (V963)","NEOXPO","NEOVIA LOGISTICS - A59","SAMCA","Samsung Electronics America (SALS)","SAMCADC","JDAL21002465149","","LCHM66697700","HII",12/29/2021,"0320",1/6/2022,1/6/2022,"2359","2359",1/6/2022,"0751",1/8/2022,"UPRRTX","UPRRTX",1/8/2022,"","PBWWRTX",12/29/2021,20,1/17/2022,0,0,0,0,0,0,0,0,11/30/2021,1/14/2022,1/21/2022
1902683,"ELBilling","PBI","PBI","DIT","AC","MAEC654167","GCXU5039271",1240,9,"YST","YARD STORAGE CHARGES","E",28,252,"","UP - DIT WILMER (V963)","NEOXPO","NEOVIA LOGISTICS - A59","SAMCA","Samsung Electronics America (SALS)","SAMCADC","JDAL21002465159","","LCHM76366100","HII",12/29/2021,"1028",1/5/2022,1/6/2022,"0000","2359",1/6/2022,"1503",1/8/2022,"UPRRTX","UPRRTX",1/8/2022,"","PBWWRTX",12/29/2021,20,1/17/2022,0,0,0,0,0,0,0,0,11/30/2021,1/14/2022,1/21/2022
1902711,"ELBilling","PBI","PBI","DIT","AC","APMZ704842","KOCU4270192",1241,9,"YST","YARD STORAGE CHARGES","E",28,252,"","UP - DIT WILMER (V963)","NEOXPO","NEOVIA LOGISTICS - A59","SAMCA","Samsung Electronics America (SALS)","SAMCADC","JDAL21002465213","","LCHM57715200","HII",12/29/2021,"0927",1/6/2022,1/6/2022,"2359","2359",1/6/2022,"1526",1/11/2022,"UPRRTX","UPRRTX",1/11/2022,"","PBWWRTX",12/29/2021,20,1/17/2022,0,0,0,0,0,0,0,0,11/30/2021,1/14/2022,1/21/2022
1902712,"ELBilling","PBI","PBI","DIT","AC","DCNZ405346","KOCU4523541",1242,9,"YST","YARD STORAGE CHARGES","E",28,252,"","UP - DIT WILMER (V963)","NEOXPO","NEOVIA LOGISTICS - A59","SAMCA","Samsung Electronics America (SALS)","SAMCADC","JDAL21002465214","","LCHM57715200","HII",12/29/2021,"0833",1/6/2022,1/6/2022,"2359","2359",1/6/2022,"0958",1/7/2022,"UPRRTX","UPRRTX",1/7/2022,"","PBWWRTX",12/29/2021,20,1/17/2022,0,0,0,0,0,0,0,0,11/30/2021,1/14/2022,1/21/2022
1902719,"ELBilling","PBI","PBI","DIT","AC","APMZ416974","GAOU6198424",1243,9,"YST","YARD STORAGE CHARGES","E",28,252,"","UP - DIT WILMER (V963)","NEOXPO","NEOVIA LOGISTICS - A59","SAMCA","Samsung Electronics America (SALS)","SAMCADC","JDAL21002465165","","LCHM97575700","HII",12/29/2021,"0315",1/6/2022,1/6/2022,"2359","2359",1/6/2022,"1230",1/8/2022,"UPRRTX","UPRRTX",1/8/2022,"","PBWWRTX",12/29/2021,20,1/17/2022,0,0,0,0,0,0,0,0,11/30/2021,1/14/2022,1/21/2022
1902723,"ELBilling","PBI","PBI","DIT","AC","DCLZ405662","KOCU5207595",1244,9,"YST","YARD STORAGE CHARGES","E",28,252,"","UP - DIT WILMER (V963)","NEOXPO","NEOVIA LOGISTICS - A59","SAMCA","Samsung Electronics America (SALS)","SAMCADC","JDAL21002465169","","LCHM97575700","HII",12/29/2021,"0448",1/6/2022,1/6/2022,"2359","2359",1/6/2022,"0251",1/7/2022,"UPRRTX","UPRRTX",1/7/2022,"","PBWWRTX",12/29/2021,20,1/17/2022,0,0,0,0,0,0,0,0,11/30/2021,1/14/2022,1/21/2022
1902732,"ELBilling","PBI","PBI","DIT","AC","TLXZ412669","KOCU4484234",1245,9,"YST","YARD STORAGE CHARGES","E",28,252,"","UP - DIT WILMER (V963)","NEOXPO","NEOVIA LOGISTICS - A59","SAMCA","Samsung Electronics America (SALS)","SAMCADC","JDAL21002465222","","LCHM66697700","HII",12/29/2021,"0632",1/6/2022,1/6/2022,"2359","2359",1/6/2022,"0247",1/7/2022,"UPRRTX","UPRRTX",1/7/2022,"","PBWWRTX",12/29/2021,20,1/17/2022,0,0,0,0,0,0,0,0,11/30/2021,1/14/2022,1/21/2022
1902733,"ELBilling","PBI","PBI","DIT","AC","APMZ406433","KOCU4718311",1245,9,"YST","YARD STORAGE CHARGES","E",28,252,"","UP - DIT WILMER (V963)","NEOXPO","NEOVIA LOGISTICS - A59","SAMCA","Samsung Electronics America (SALS)","SAMCADC","JDAL21002465223","","LCHM66697700","HII",12/29/2021,"0623",1/6/2022,1/6/2022,"2359","2359",1/6/2022,"1512",1/11/2022,"UPRRTX","UPRRTX",1/11/2022,"","PBWWRTX",12/29/2021,20,1/17/2022,0,0,0,0,0,0,0,0,11/30/2021,1/14/2022,1/21/2022
1902736,"ELBilling","PBI","PBI","DIT","AC","DCLZ402779","GAOU6172857",1246,9,"YST","YARD STORAGE CHARGES","E",28,252,"","UP - DIT WILMER (V963)","NEOXPO","NEOVIA LOGISTICS - A59","SAMCA","Samsung Electronics America (SALS)","SAMCADC","JDAL21002465228","","LCHM73781700","HII",12/29/2021,"0708",1/6/2022,1/6/2022,"2359","2359",1/6/2022,"1001",1/7/2022,"UPRRTX","UPRRTX",1/7/2022,"","PBWWRTX",12/29/2021,20,1/17/2022,0,0,0,0,0,0,0,0,11/30/2021,1/14/2022,1/21/2022
1902742,"ELBilling","PBI","PBI","DIT","AC","DCLZ421798","CLKU5018469",1247,9,"YST","YARD STORAGE CHARGES","E",28,252,"","UP - DIT WILMER (V963)","NEOXPO","NEOVIA LOGISTICS - A59","SAMCA","Samsung Electronics America (SALS)","SAMCADC","JDAL21002465236","","LCHM76366100","HII",12/29/2021,"0803",1/6/2022,1/6/2022,"2359","2359",1/6/2022,"0830",1/7/2022,"UPRRTX","UPRRTX",1/7/2022,"","PBWWRTX",12/29/2021,20,1/17/2022,0,0,0,0,0,0,0,0,11/30/2021,1/14/2022,1/21/2022
1902744,"ELBilling","PBI","PBI","DIT","AC","EMCZ545295","KOCU4472059",821,11,"YST","YARD STORAGE CHARGES","E",28,308,"","UP - DIT WILMER (V963)","SAMTX","BEST BUY 075 C/O SAMSUNG","SAMCA","Samsung Electronics America (SALS)","SAMCADR","JDAL21002465413","","LCHM73672200","HII",12/18/2021,"0821",12/28/2021,12/28/2021,"0700","0700",12/28/2021,"0555",12/28/2021,"UPRRTX","UPRRTX",12/28/2021,"","PBWWRTX",12/19/2021,20,1/6/2022,0,0,0,0,0,0,0,0,11/30/2021,,
1902746,"ELBilling","PBI","PBI","DIT","AC","DCLZ700677","KOCU5064196",903,3,"YST","YARD STORAGE CHARGES","E",28,84,"","UP - DIT WILMER (V963)","SAMTX","BEST BUY 075 C/O SAMSUNG","SAMCA","Samsung Electronics America (SALS)","SAMCADR","JDAL21002465415","","LCHM75554900","HII",12/27/2021,"0458",12/29/2021,12/29/2021,"0830","0830",12/29/2021,"0810",12/29/2021,"UPRRTX","UPRRTX",12/29/2021,"","PBWWRTX",12/27/2021,20,1/15/2022,0,0,0,0,0,0,0,0,11/30/2021,,
1902749,"ELBilling","PBI","PBI","DIT","AC","DCNZ426183","CAIU4888930",849,3,"YST","YARD STORAGE CHARGES","E",28,84,"","UP - DIT WILMER (V963)","SAMTX","BEST BUY 075 C/O SAMSUNG","SAMCA","Samsung Electronics America (SALS)","SAMCADR","JDAL21002465416","","LCHM75554901","HII",12/7/2021,"0457",12/29/2021,12/29/2021,"0830","0830",12/29/2021,"0836",12/29/2021,"UPRRTX","UPRRTX",12/29/2021,"","PBWWRTX",12/27/2021,20,12/26/2021,0,0,0,0,0,0,0,0,11/30/2021,,
1902750,"ELBilling","PBI","PBI","DIT","AC","DCLZ404209","KOCU4111890",848,3,"YST","YARD STORAGE CHARGES","E",28,84,"","UP - DIT WILMER (V963)","SAMTX","BEST BUY 075 C/O SAMSUNG","SAMCA","Samsung Electronics America (SALS)","SAMCADR","JDAL21002465417","","LCHM75554902","HII",12/27/2021,"0502",12/29/2021,12/29/2021,"0830","0830",12/29/2021,"0810",12/29/2021,"UPRRTX","UPRRTX",12/29/2021,"","PBWWRTX",12/27/2021,20,1/15/2022,0,0,0,0,0,0,0,0,11/30/2021,,
1902751,"ELBilling","PBI","PBI","DIT","AC","MAEC760870","KOCU4549079",846,3,"YST","YARD STORAGE CHARGES","E",28,84,"","UP - DIT WILMER (V963)","SAMTX","BEST BUY 075 C/O SAMSUNG","SAMCA","Samsung Electronics America (SALS)","SAMCADR","JDAL21002465418","","LCHM75554903","HII",12/27/2021,"0326",12/29/2021,12/29/2021,"0830","0830",12/29/2021,"0755",12/29/2021,"UPRRTX","UPRRTX",12/29/2021,"","PBWWRTX",12/27/2021,20,1/15/2022,0,0,0,0,0,0,0,0,11/30/2021,,
1902752,"ELBilling","PBI","PBI","DIT","AC","DECZ404234","KOCU4491300",822,6,"YST","YARD STORAGE CHARGES","E",28,168,"","UP - DIT WILMER (V963)","SAMTX","BEST BUY 075 C/O SAMSUNG","SAMCA","Samsung Electronics America (SALS)","SAMCADR","JDAL21002465521","","LCHM78795000","HII",12/18/2021,"1022",12/23/2021,12/23/2021,"0630","0630",12/23/2021,"0602",12/23/2021,"UPRRTX","UPRRTX",12/23/2021,"","PBWWRTX",12/19/2021,20,1/6/2022,0,0,0,0,0,0,0,0,11/30/2021,,
1902753,"ELBilling","PBI","PBI","DIT","AC","DFLZ401608","KOCU4800245",823,10,"YST","YARD STORAGE CHARGES","E",28,280,"","UP - DIT WILMER (V963)","SAMTX","BEST BUY 075 C/O SAMSUNG","SAMCA","Samsung Electronics America (SALS)","SAMCADR","JDAL21002465532","","LCHM78795001","HII",12/18/2021,"0945",12/27/2021,12/27/2021,"0730","0730",12/27/2021,"0618",12/27/2021,"UPRRTX","UPRRTX",12/27/2021,"","PBWWRTX",12/19/2021,20,1/6/2022,0,0,0,0,0,0,0,0,11/30/2021,,
1902766,"ELBilling","PBI","PBI","DIT","AC","APMZ424219","HMMU6329713",1248,9,"YST","YARD STORAGE CHARGES","E",28,252,"","UP - DIT WILMER (V963)","NEOXPO","NEOVIA LOGISTICS - A59","SAMCA","Samsung Electronics America (SALS)","SAMCADC","JDAL21002465247","","LCHM97575700","HII",12/29/2021,"0717",1/6/2022,1/6/2022,"2359","2359",1/6/2022,"0749",1/7/2022,"UPRRTX","UPRRTX",1/7/2022,"","PBWWRTX",12/29/2021,20,1/17/2022,0,0,0,0,0,0,0,0,11/30/2021,1/14/2022,1/21/2022
1902781,"ELBilling","PBI","PBI","DIT","AC","MAEC528595","KOCU5104977",1249,9,"YST","YARD STORAGE CHARGES","E",28,252,"","UP - DIT WILMER (V963)","NEOXPO","NEOVIA LOGISTICS - A59","SAMCA","Samsung Electronics America (SALS)","SAMCADC","JDAL21002465252","","LCHM97575700","HII",12/29/2021,"0356",1/6/2022,1/6/2022,"2359","2359",1/6/2022,"0050",1/7/2022,"UPRRTX","UPRRTX",1/7/2022,"","PBWWRTX",12/29/2021,20,1/17/2022,0,0,0,0,0,0,0,0,11/30/2021,1/14/2022,1/21/2022
1902782,"ELBilling","PBI","PBI","DIT","AC","APMZ416008","TCNU6874333",1250,9,"YST","YARD STORAGE CHARGES","E",28,252,"","UP - DIT WILMER (V963)","NEOXPO","NEOVIA LOGISTICS - A59","SAMCA","Samsung Electronics America (SALS)","SAMCADC","JDAL21002465253","","LCHM97575700","HII",12/29/2021,"0539",1/6/2022,1/6/2022,"2359","2359",1/6/2022,"0102",1/8/2022,"UPRRTX","UPRRTX",1/8/2022,"","PBWWRTX",12/29/2021,20,1/17/2022,0,0,0,0,0,0,0,0,11/30/2021,1/14/2022,1/21/2022
1903344,"ELBilling","PBI","PBI","DIT","AC","TLXZ444713","TCNU5099519",1317,4,"YST","YARD STORAGE CHARGES","E",28,112,"","UP - DIT WILMER (V963)","SAMTX","BEST BUY 075 C/O SAMSUNG","SAMCA","Samsung Electronics America (SALS)","SAMCADR","JDAL21002431097","","SELM96797000","HII",12/18/2021,"0941",12/21/2021,12/21/2021,"0830","0830",12/21/2021,"0740",12/21/2021,"UPRRTX","UPRRTX",12/21/2021,"","PBWWRTX",12/12/2021,20,1/6/2022,0,0,0,0,0,0,0,0,11/24/2021,,
1903345,"ELBilling","PBI","PBI","DIT","AC","APMZ415734","KOCU4869410",1326,10,"YST","YARD STORAGE CHARGES","E",28,280,"","UP - DIT WILMER (V963)","SAMTX","BEST BUY 075 C/O SAMSUNG","SAMCA","Samsung Electronics America (SALS)","SAMCADR","JDAL21002431098","","SELM13405100","HII",12/18/2021,"1032",12/27/2021,12/27/2021,"0700","0700",12/27/2021,"0604",12/27/2021,"UPRRTX","UPRRTX",12/27/2021,"","PBWWRTX",12/12/2021,20,1/6/2022,0,0,0,0,0,0,0,0,11/24/2021,,
1903346,"ELBilling","PBI","PBI","DIT","AC","APMZ424163","KOCU4180355",1325,5,"YST","YARD STORAGE CHARGES","E",28,140,"","UP - DIT WILMER (V963)","SAMTX","BEST BUY 075 C/O SAMSUNG","SAMCA","Samsung Electronics America (SALS)","SAMCADR","JDAL21002431111","","SELM21017000","HII",12/18/2021,"1112",12/22/2021,12/22/2021,"0700","0700",12/22/2021,"0620",12/22/2021,"UPRRTX","UPRRTX",12/22/2021,"","PBWWRTX",12/12/2021,20,1/6/2022,0,0,0,0,0,0,0,0,11/24/2021,,
1903347,"ELBilling","PBI","PBI","DIT","AC","MAEC599867","HDMU6899940",1321,10,"YST","YARD STORAGE CHARGES","E",28,280,"","UP - DIT WILMER (V963)","SAMTX","BEST BUY 075 C/O SAMSUNG","SAMCA","Samsung Electronics America (SALS)","SAMCADR","JDAL21002431115","","SELM90479600","HII",12/18/2021,"0506",12/27/2021,12/27/2021,"0700","0700",12/27/2021,"0439",12/27/2021,"UPRRTX","UPRRTX",12/27/2021,"","PBWWRTX",12/12/2021,20,1/6/2022,0,0,0,0,0,0,0,0,11/24/2021,,
1903348,"ELBilling","PBI","PBI","DIT","AC","APMZ704460","KOCU4098822",1320,10,"YST","YARD STORAGE CHARGES","E",28,280,"","UP - DIT WILMER (V963)","SAMTX","BEST BUY 075 C/O SAMSUNG","SAMCA","Samsung Electronics America (SALS)","SAMCADR","JDAL21002431924","","SELM22138400","HII",12/18/2021,"1157",12/27/2021,12/27/2021,"0700","0700",12/27/2021,"0600",12/27/2021,"UPRRTX","UPRRTX",12/27/2021,"","PBWWRTX",12/12/2021,20,1/6/2022,0,0,0,0,0,0,0,0,11/24/2021,,
1903349,"ELBilling","PBI","PBI","DIT","AC","DCNZ507242","HMMU6452266",1319,4,"YST","YARD STORAGE CHARGES","E",28,112,"","UP - DIT WILMER (V963)","SAMTX","BEST BUY 075 C/O SAMSUNG","SAMCA","Samsung Electronics America (SALS)","SAMCADR","JDAL21002431925","","SELM28898400","HII",12/18/2021,"1140",12/22/2021,12/22/2021,"0700","0700",12/22/2021,"0620",12/22/2021,"UPRRTX","UPRRTX",12/22/2021,"","PBWWRTX",12/12/2021,20,1/6/2022,0,0,0,0,0,0,0,0,11/24/2021,,
1903350,"ELBilling","PBI","PBI","DIT","AC","DCYZ500147","DRYU9192355",1318,6,"YST","YARD STORAGE CHARGES","E",28,168,"","UP - DIT WILMER (V963)","SAMTX","BEST BUY 075 C/O SAMSUNG","SAMCA","Samsung Electronics America (SALS)","SAMCADR","JDAL21002431926","","SELM29672400","HII",12/18/2021,"1059",12/23/2021,12/23/2021,"0630","0630",12/23/2021,"0550",12/23/2021,"UPRRTX","UPRRTX",12/23/2021,"","PBWWRTX",12/12/2021,20,1/6/2022,0,0,0,0,0,0,0,0,11/24/2021,,
1903351,"ELBilling","PBI","PBI","DIT","AC","APMZ419100","HMMU6000137",1258,3,"YST","YARD STORAGE CHARGES","E",28,84,"","UP - DIT WILMER (V963)","SAMTX","BEST BUY 075 C/O SAMSUNG","SAMCA","Samsung Electronics America (SALS)","SAMCADR","JDAL21002431927","","SELM43659800","HII",12/18/2021,"1021",12/20/2021,12/20/2021,"0800","0800",12/20/2021,"0630",12/20/2021,"UPRRTX","UPRRTX",12/20/2021,"","PBWWRTX",12/12/2021,20,1/6/2022,0,0,0,0,0,0,0,0,11/24/2021,,
1903352,"ELBilling","PBI","PBI","DIT","AC","APMZ703171","SEGU5835594",1316,4,"YST","YARD STORAGE CHARGES","E",28,112,"","UP - DIT WILMER (V963)","SAMTX","BEST BUY 075 C/O SAMSUNG","SAMCA","Samsung Electronics America (SALS)","SAMCADR","JDAL21002431928","","SELM49106000","HII",12/18/2021,"0943",12/22/2021,12/22/2021,"0700","0700",12/22/2021,"0625",12/22/2021,"UPRRTX","UPRRTX",12/22/2021,"","PBWWRTX",12/12/2021,20,1/6/2022,0,0,0,0,0,0,0,0,11/24/2021,,
1903353,"ELBilling","PBI","PBI","DIT","AC","TAXZ197986","KOCU4496209",1314,4,"YST","YARD STORAGE CHARGES","E",28,112,"","UP - DIT WILMER (V963)","SAMTX","BEST BUY 075 C/O SAMSUNG","SAMCA","Samsung Electronics America (SALS)","SAMCADR","JDAL21002431929","","SELM59211800","HII",12/18/2021,"0904",12/21/2021,12/21/2021,"0800","0800",12/21/2021,"0637",12/21/2021,"UPRRTX","UPRRTX",12/21/2021,"","PBWWRTX",12/12/2021,20,1/6/2022,0,0,0,0,0,0,0,0,11/24/2021,,
1903354,"ELBilling","PBI","PBI","DIT","AC","DCNZ437232","KOCU4007313",1313,4,"YST","YARD STORAGE CHARGES","E",28,112,"","UP - DIT WILMER (V963)","SAMTX","BEST BUY 075 C/O SAMSUNG","SAMCA","Samsung Electronics America (SALS)","SAMCADR","JDAL21002431930","","SELM70525300","HII",12/18/2021,"0559",12/21/2021,12/21/2021,"0800","0800",12/21/2021,"0640",12/21/2021,"UPRRTX","UPRRTX",12/21/2021,"","PBWWRTX",12/12/2021,20,1/6/2022,0,0,0,0,0,0,0,0,11/24/2021,,
1903355,"ELBilling","PBI","PBI","DIT","AC","APMZ701181","KOCU4720197",1308,3,"YST","YARD STORAGE CHARGES","E",28,84,"","UP - DIT WILMER (V963)","SAMTX","BEST BUY 075 C/O SAMSUNG","SAMCA","Samsung Electronics America (SALS)","SAMCADR","JDAL21002431931","","SELM73832300","HII",12/18/2021,"0708",12/20/2021,12/20/2021,"0800","0800",12/20/2021,"0810",12/20/2021,"UPRRTX","UPRRTX",12/20/2021,"","PBWWRTX",12/12/2021,20,1/6/2022,0,0,0,0,0,0,0,0,11/24/2021,,
1903356,"ELBilling","PBI","PBI","DIT","AC","DECZ402828","HMMU6248102",1259,4,"YST","YARD STORAGE CHARGES","E",28,112,"","UP - DIT WILMER (V963)","SAMTX","BEST BUY 075 C/O SAMSUNG","SAMCA","Samsung Electronics America (SALS)","SAMCADR","JDAL21002431932","","SELM83150400","HII",12/18/2021,"0932",12/22/2021,12/22/2021,"0600","0600",12/22/2021,"0505",12/22/2021,"UPRRTX","UPRRTX",12/22/2021,"","PBWWRTX",12/12/2021,20,1/6/2022,0,0,0,0,0,0,0,0,11/24/2021,,
1903884,"Lineitem","PBI","PBI","DIT","99","TNPZ495441","FCIU9747445",2,2,"YST","YARD STORAGE CHARGES","E",40,80,"","UP - DIT WILMER (V963)","WHEGP","RENT A WHEEL/ WHEEL-1","QUARTCA","Quartz Logistics Inc.","QUARTCA","OILAX-21110284","","ONEYBKKBAG697800","ONE",1/14/2022,"0831",1/17/2022,1/17/2022,"0900","0900",1/17/2022,"0828",1/17/2022,"UPRRTX","UPRRTX",1/17/2022,"","PBWWRTX",1/16/2022,5,1/20/2022,0,0,0,0,0,0,0,0,12/22/2021,1/21/2022,
1904113,"ELBilling","PBI","PBI","DIT","AC","DECZ402794","BMOU5168600",1250,3,"YST","YARD STORAGE CHARGES","E",28,84,"","UP - DIT WILMER (V963)","NEOXPO","NEOVIA LOGISTICS - A59","SAMCA","Samsung Electronics America (SALS)","SAMCADC","JDAL21002516655","","LCHM09615600","HII",12/29/2021,"1359",12/31/2021,12/31/2021,"0000","2359",12/31/2021,"0400",1/4/2022,"UPRRTX","UPRRTX",1/4/2022,"","PBWWRTX",12/29/2021,20,1/17/2022,0,0,0,0,0,0,0,0,12/8/2021,1/14/2022,1/21/2022
1904114,"ELBilling","PBI","PBI","DIT","AC","HDMZ403180","CAIU7231615",1251,9,"YST","YARD STORAGE CHARGES","E",28,252,"","UP - DIT WILMER (V963)","NEOXPO","NEOVIA LOGISTICS - A59","SAMCA","Samsung Electronics America (SALS)","SAMCADC","JDAL21002516656","","LCHM09615600","HII",12/29/2021,"1558",1/6/2022,1/6/2022,"2359","2359",1/6/2022,"0744",1/7/2022,"UPRRTX","UPRRTX",1/7/2022,"","PBWWRTX",12/29/2021,20,1/17/2022,0,0,0,0,0,0,0,0,12/8/2021,1/14/2022,1/21/2022
1904116,"ELBilling","PBI","PBI","DIT","AC","DECZ403524","KOCU4793871",1252,9,"YST","YARD STORAGE CHARGES","E",28,252,"","UP - DIT WILMER (V963)","NEOXPO","NEOVIA LOGISTICS - A59","SAMCA","Samsung Electronics America (SALS)","SAMCADC","JDAL21002516658","","LCHM09615600","HII",12/29/2021,"1123",1/6/2022,1/6/2022,"2359","2359",1/6/2022,"1528",1/8/2022,"UPRRTX","UPRRTX",1/8/2022,"","PBWWRTX",12/29/2021,20,1/17/2022,0,0,0,0,0,0,0,0,12/8/2021,1/14/2022,1/21/2022
1904117,"ELBilling","PBI","PBI","DIT","AC","MAEC663271","KOCU4947832",1253,9,"YST","YARD STORAGE CHARGES","E",28,252,"","UP - DIT WILMER (V963)","NEOXPO","NEOVIA LOGISTICS - A59","SAMCA","Samsung Electronics America (SALS)","SAMCADC","JDAL21002516659","","LCHM09615600","HII",12/29/2021,"0628",1/6/2022,1/6/2022,"2359","2359",1/6/2022,"1033",1/8/2022,"UPRRTX","UPRRTX",1/8/2022,"","PBWWRTX",12/29/2021,20,1/17/2022,0,0,0,0,0,0,0,0,12/8/2021,1/14/2022,1/21/2022
1904118,"ELBilling","PBI","PBI","DIT","AC","DECZ403559","TGBU6228797",1253,9,"YST","YARD STORAGE CHARGES","E",28,252,"","UP - DIT WILMER (V963)","NEOXPO","NEOVIA LOGISTICS - A59","SAMCA","Samsung Electronics America (SALS)","SAMCADC","JDAL21002516660","","LCHM09615600","HII",12/29/2021,"1349",1/6/2022,1/6/2022,"2359","2359",1/6/2022,"1250",1/11/2022,"UPRRTX","UPRRTX",1/11/2022,"","PBWWRTX",12/29/2021,20,1/17/2022,0,0,0,0,0,0,0,0,12/8/2021,1/14/2022,1/21/2022
1904119,"ELBilling","PBI","PBI","DIT","AC","DCLZ413169","BSIU9345762",1254,9,"YST","YARD STORAGE CHARGES","E",28,252,"","UP - DIT WILMER (V963)","NEOXPO","NEOVIA LOGISTICS - A59","SAMCA","Samsung Electronics America (SALS)","SAMCADC","JDAL21002516662","","LCHM55056300","HII",12/29/2021,"0646",1/6/2022,1/6/2022,"2359","2359",1/6/2022,"1345",1/8/2022,"UPRRTX","UPRRTX",1/8/2022,"","PBWWRTX",12/29/2021,20,1/17/2022,0,0,0,0,0,0,0,0,12/8/2021,1/14/2022,1/21/2022
1904120,"ELBilling","PBI","PBI","DIT","AC","NEDZ400240","GAOU6225155",1214,9,"YST","YARD STORAGE CHARGES","E",28,252,"","UP - DIT WILMER (V963)","NEOXPO","NEOVIA LOGISTICS - A59","SAMCA","Samsung Electronics America (SALS)","SAMCADC","JDAL21002516663","","LCHM55056300","HII",12/30/2021,"0602",1/7/2022,1/7/2022,"2359","2359",1/7/2022,"1227",1/8/2022,"UPRRTX","UPRRTX",1/8/2022,"","PBWWRTX",12/30/2021,20,1/18/2022,0,0,0,0,0,0,0,0,12/8/2021,1/14/2022,1/21/2022
1904121,"ELBilling","PBI","PBI","DIT","AC","MAEC690123","KOCU4274897",1255,9,"YST","YARD STORAGE CHARGES","E",28,252,"","UP - DIT WILMER (V963)","NEOXPO","NEOVIA LOGISTICS - A59","SAMCA","Samsung Electronics America (SALS)","SAMCADC","JDAL21002516664","","LCHM55056300","HII",12/29/2021,"1112",1/6/2022,1/6/2022,"2359","2359",1/6/2022,"1240",1/11/2022,"UPRRTX","UPRRTX",1/11/2022,"","PBWWRTX",12/29/2021,20,1/17/2022,0,0,0,0,0,0,0,0,12/8/2021,1/14/2022,1/21/2022
1904122,"ELBilling","PBI","PBI","DIT","AC","DCLZ406429","KOCU4421025",1215,9,"YST","YARD STORAGE CHARGES","E",28,252,"","UP - DIT WILMER (V963)","NEOXPO","NEOVIA LOGISTICS - A59","SAMCA","Samsung Electronics America (SALS)","SAMCADC","JDAL21002516665","","LCHM55056300","HII",12/30/2021,"1118",1/7/2022,1/7/2022,"2359","2359",1/7/2022,"1100",1/11/2022,"UPRRTX","UPRRTX",1/11/2022,"","PBWWRTX",12/30/2021,20,1/18/2022,0,0,0,0,0,0,0,0,12/8/2021,1/14/2022,1/21/2022
1904129,"ELBilling","PBI","PBI","DIT","AC","APMZ418568","KOCU4555852",1256,9,"YST","YARD STORAGE CHARGES","E",28,252,"","UP - DIT WILMER (V963)","NEOXPO","NEOVIA LOGISTICS - A59","SAMCA","Samsung Electronics America (SALS)","SAMCADC","JDAL21002516667","","LCHM55056300","HII",12/29/2021,"1437",1/6/2022,1/6/2022,"2359","2359",1/6/2022,"0927",1/7/2022,"UPRRTX","UPRRTX",1/7/2022,"","PBWWRTX",12/29/2021,20,1/17/2022,0,0,0,0,0,0,0,0,12/8/2021,1/14/2022,1/21/2022
1904130,"ELBilling","PBI","PBI","DIT","AC","APMZ401056","KOCU5051901",1256,9,"YST","YARD STORAGE CHARGES","E",28,252,"","UP - DIT WILMER (V963)","NEOXPO","NEOVIA LOGISTICS - A59","SAMCA","Samsung Electronics America (SALS)","SAMCADC","JDAL21002516668","","LCHM55056300","HII",12/29/2021,"0632",1/6/2022,1/6/2022,"2359","2359",1/6/2022,"1254",1/10/2022,"UPRRTX","UPRRTX",1/10/2022,"","PBWWRTX",12/29/2021,20,1/17/2022,0,0,0,0,0,0,0,0,12/8/2021,1/14/2022,1/21/2022
1904131,"ELBilling","PBI","PBI","DIT","AC","DECZ402856","KOCU5191061",1257,9,"YST","YARD STORAGE CHARGES","E",28,252,"","UP - DIT WILMER (V963)","NEOXPO","NEOVIA LOGISTICS - A59","SAMCA","Samsung Electronics America (SALS)","SAMCADC","JDAL21002516669","","LCHM55056300","HII",12/29/2021,"0715",1/6/2022,1/6/2022,"2359","2359",1/6/2022,"1100",1/11/2022,"UPRRTX","UPRRTX",1/11/2022,"","PBWWRTX",12/29/2021,20,1/17/2022,0,0,0,0,0,0,0,0,12/8/2021,1/14/2022,1/21/2022
1904132,"ELBilling","PBI","PBI","DIT","AC","NEDZ400130","TCLU8940078",1258,9,"YST","YARD STORAGE CHARGES","E",28,252,"","UP - DIT WILMER (V963)","NEOXPO","NEOVIA LOGISTICS - A59","SAMCA","Samsung Electronics America (SALS)","SAMCADC","JDAL21002516670","","LCHM55056300","HII",12/29/2021,"1340",1/6/2022,1/6/2022,"2359","2359",1/6/2022,"0830",1/8/2022,"UPRRTX","UPRRTX",1/8/2022,"","PBWWRTX",12/29/2021,20,1/17/2022,0,0,0,0,0,0,0,0,12/8/2021,1/14/2022,1/21/2022
1904133,"ELBilling","PBI","PBI","DIT","AC","DCLZ424696","TLLU5291760",1259,3,"YST","YARD STORAGE CHARGES","E",28,84,"","UP - DIT WILMER (V963)","NEOXPO","NEOVIA LOGISTICS - A59","SAMCA","Samsung Electronics America (SALS)","SAMCADC","JDAL21002516671","","LCHM55056300","HII",12/29/2021,"0549",12/31/2021,12/31/2021,"0000","2359",12/31/2021,"0405",1/4/2022,"UPRRTX","UPRRTX",1/4/2022,"","PBWWRTX",12/29/2021,20,1/17/2022,0,0,0,0,0,0,0,0,12/8/2021,1/14/2022,1/21/2022
1904134,"ELBilling","PBI","PBI","DIT","AC","PONZ457416","TLLU5848407",1259,9,"YST","YARD STORAGE CHARGES","E",28,252,"","UP - DIT WILMER (V963)","NEOXPO","NEOVIA LOGISTICS - A59","SAMCA","Samsung Electronics America (SALS)","SAMCADC","JDAL21002516672","","LCHM55056300","HII",12/29/2021,"1216",1/6/2022,1/6/2022,"2359","2359",1/6/2022,"0946",1/7/2022,"UPRRTX","UPRRTX",1/7/2022,"","PBWWRTX",12/29/2021,20,1/17/2022,0,0,0,0,0,0,0,0,12/8/2021,1/14/2022,1/21/2022
1904137,"ELBilling","PBI","PBI","DIT","AC","APMZ701270","KOCU4037940",1300,7,"YST","YARD STORAGE CHARGES","E",28,196,"","UP - DIT WILMER (V963)","NEOXPO","NEOVIA LOGISTICS - A59","SAMCA","Samsung Electronics America (SALS)","SAMCADC","JDAL21002516676","","LCHM12019800","HII",12/29/2021,"0656",1/4/2022,1/4/2022,"2359","2359",1/4/2022,"0500",1/5/2022,"UPRRTX","UPRRTX",1/5/2022,"","PBWWRTX",12/29/2021,20,1/17/2022,0,0,0,0,0,0,0,0,12/8/2021,1/14/2022,1/21/2022
1904138,"ELBilling","PBI","PBI","DIT","AC","DCLZ701468","KOCU4045289",1301,9,"YST","YARD STORAGE CHARGES","E",28,252,"","UP - DIT WILMER (V963)","NEOXPO","NEOVIA LOGISTICS - A59","SAMCA","Samsung Electronics America (SALS)","SAMCADC","JDAL21002516677","","LCHM12019800","HII",12/29/2021,"1040",1/6/2022,1/6/2022,"2359","2359",1/6/2022,"1123",1/7/2022,"UPRRTX","UPRRTX",1/7/2022,"","PBWWRTX",12/29/2021,20,1/17/2022,0,0,0,0,0,0,0,0,12/8/2021,1/14/2022,1/21/2022
1904150,"ELBilling","PBI","PBI","DIT","AC","DCLZ405665","CAIU9984705",1303,9,"YST","YARD STORAGE CHARGES","E",28,252,"","UP - DIT WILMER (V963)","NEOXPO","NEOVIA LOGISTICS - A59","SAMCA","Samsung Electronics America (SALS)","SAMCADC","JDAL21002516798","","LCHM72304600","HII",12/29/2021,"0707",1/6/2022,1/6/2022,"2359","2359",1/6/2022,"1157",1/8/2022,"UPRRTX","UPRRTX",1/8/2022,"","PBWWRTX",12/29/2021,20,1/17/2022,0,0,0,0,0,0,0,0,12/8/2021,1/14/2022,1/21/2022
1904151,"ELBilling","PBI","PBI","DIT","AC","DCLZ405255","HMMU6325750",1304,7,"YST","YARD STORAGE CHARGES","E",28,196,"","UP - DIT WILMER (V963)","NEOXPO","NEOVIA LOGISTICS - A59","SAMCA","Samsung Electronics America (SALS)","SAMCADC","JDAL21002516799","","LCHM72304600","HII",12/29/2021,"0826",1/4/2022,1/4/2022,"2359","2359",1/4/2022,"0736",1/6/2022,"UPRRTX","UPRRTX",1/6/2022,"","PBWWRTX",12/29/2021,20,1/17/2022,0,0,0,0,0,0,0,0,12/8/2021,1/14/2022,1/21/2022
1904152,"ELBilling","PBI","PBI","DIT","AC","NEDZ402635","KOCU4275532",1304,10,"YST","YARD STORAGE CHARGES","E",28,280,"","UP - DIT WILMER (V963)","NEOXPO","NEOVIA LOGISTICS - A59","SAMCA","Samsung Electronics America (SALS)","SAMCADC","JDAL21002516800","","LCHM72304600","HII",12/29/2021,"1000",1/6/2022,1/7/2022,"2359","2359",1/7/2022,"1214",1/8/2022,"UPRRTX","UPRRTX",1/8/2022,"","PBWWRTX",12/29/2021,20,1/17/2022,0,0,0,0,0,0,0,0,12/8/2021,1/14/2022,1/21/2022
1904153,"ELBilling","PBI","PBI","DIT","AC","DCLZ407853","HMMU6025496",1305,9,"YST","YARD STORAGE CHARGES","E",28,252,"","UP - DIT WILMER (V963)","NEOXPO","NEOVIA LOGISTICS - A59","SAMCA","Samsung Electronics America (SALS)","SAMCADC","JDAL21002516801","","LCHM09615600","HII",12/29/2021,"0629",1/6/2022,1/6/2022,"2359","2359",1/6/2022,"0820",1/7/2022,"UPRRTX","UPRRTX",1/7/2022,"","PBWWRTX",12/29/2021,20,1/17/2022,0,0,0,0,0,0,0,0,12/8/2021,1/14/2022,1/21/2022
1904154,"ELBilling","PBI","PBI","DIT","AC","HDMZ500915","HMMU6213045",1216,9,"YST","YARD STORAGE CHARGES","E",28,252,"","UP - DIT WILMER (V963)","NEOXPO","NEOVIA LOGISTICS - A59","SAMCA","Samsung Electronics America (SALS)","SAMCADC","JDAL21002516802","","LCHM09615600","HII",12/30/2021,"1033",1/7/2022,1/7/2022,"2359","2359",1/7/2022,"0936",1/8/2022,"UPRRTX","UPRRTX",1/8/2022,"","PBWWRTX",12/30/2021,20,1/18/2022,0,0,0,0,0,0,0,0,12/8/2021,1/14/2022,1/21/2022
1904155,"ELBilling","PBI","PBI","DIT","AC","POCZ401379","BMOU5164483",1306,9,"YST","YARD STORAGE CHARGES","E",28,252,"","UP - DIT WILMER (V963)","NEOXPO","NEOVIA LOGISTICS - A59","SAMCA","Samsung Electronics America (SALS)","SAMCADC","JDAL21002516804","","LCHM55056300","HII",12/29/2021,"0915",1/6/2022,1/6/2022,"2359","2359",1/6/2022,"1003",1/10/2022,"UPRRTX","UPRRTX",1/10/2022,"","PBWWRTX",12/29/2021,20,1/17/2022,0,0,0,0,0,0,0,0,12/8/2021,1/14/2022,1/21/2022
1904156,"ELBilling","PBI","PBI","DIT","AC","DCLZ417610","BSIU9191970",1307,8,"YST","YARD STORAGE CHARGES","E",28,224,"","UP - DIT WILMER (V963)","NEOXPO","NEOVIA LOGISTICS - A59","SAMCA","Samsung Electronics America (SALS)","SAMCADC","JDAL21002516805","","LCHM55056300","HII",12/29/2021,"0548",1/4/2022,1/5/2022,"2359","2359",1/5/2022,"0855",1/7/2022,"UPRRTX","UPRRTX",1/7/2022,"","PBWWRTX",12/29/2021,20,1/17/2022,0,0,0,0,0,0,0,0,12/8/2021,1/14/2022,1/21/2022
1904157,"ELBilling","PBI","PBI","DIT","AC","APMZ417504","CAIU7455976",1216,9,"YST","YARD STORAGE CHARGES","E",28,252,"","UP - DIT WILMER (V963)","NEOXPO","NEOVIA LOGISTICS - A59","SAMCA","Samsung Electronics America (SALS)","SAMCADC","JDAL21002516806","","LCHM55056300","HII",12/30/2021,"0810",1/7/2022,1/7/2022,"2359","2359",1/7/2022,"0935",1/10/2022,"UPRRTX","UPRRTX",1/10/2022,"","PBWWRTX",12/30/2021,20,1/18/2022,0,0,0,0,0,0,0,0,12/8/2021,1/14/2022,1/21/2022
1904158,"ELBilling","PBI","PBI","DIT","AC","APMZ423098","CAIU7520449",1307,9,"YST","YARD STORAGE CHARGES","E",28,252,"","UP - DIT WILMER (V963)","NEOXPO","NEOVIA LOGISTICS - A59","SAMCA","Samsung Electronics America (SALS)","SAMCADC","JDAL21002516807","","LCHM55056300","HII",12/29/2021,"0509",1/6/2022,1/6/2022,"2359","2359",1/6/2022,"0430",1/7/2022,"UPRRTX","UPRRTX",1/7/2022,"","PBWWRTX",12/29/2021,20,1/17/2022,0,0,0,0,0,0,0,0,12/8/2021,1/14/2022,1/21/2022
1904159,"ELBilling","PBI","PBI","DIT","AC","DCLZ415512","CAIU7665102",1308,10,"YST","YARD STORAGE CHARGES","E",28,280,"","UP - DIT WILMER (V963)","NEOXPO","NEOVIA LOGISTICS - A59","SAMCA","Samsung Electronics America (SALS)","SAMCADC","JDAL21002516808","","LCHM55056300","HII",12/29/2021,"0745",1/6/2022,1/6/2022,"2359","2359",1/7/2022,"0856",1/8/2022,"UPRRTX","UPRRTX",1/8/2022,"","PBWWRTX",12/29/2021,20,1/17/2022,0,0,0,0,0,0,0,0,12/8/2021,1/14/2022,1/21/2022
1904160,"ELBilling","PBI","PBI","DIT","AC","DCLZ404841","CAIU9975679",1309,9,"YST","YARD STORAGE CHARGES","E",28,252,"","UP - DIT WILMER (V963)","NEOXPO","NEOVIA LOGISTICS - A59","SAMCA","Samsung Electronics America (SALS)","SAMCADC","JDAL21002516809","","LCHM55056300","HII",12/29/2021,"0854",1/6/2022,1/6/2022,"2359","2359",1/6/2022,"0500",1/8/2022,"UPRRTX","UPRRTX",1/8/2022,"","PBWWRTX",12/29/2021,20,1/17/2022,0,0,0,0,0,0,0,0,12/8/2021,1/14/2022,1/21/2022
1904161,"ELBilling","PBI","PBI","DIT","AC","APMZ424908","HDMU6697743",1217,9,"YST","YARD STORAGE CHARGES","E",28,252,"","UP - DIT WILMER (V963)","NEOXPO","NEOVIA LOGISTICS - A59","SAMCA","Samsung Electronics America (SALS)","SAMCADC","JDAL21002516810","","LCHM55056300","HII",12/30/2021,"1024",1/7/2022,1/7/2022,"2359","2359",1/7/2022,"0857",1/10/2022,"UPRRTX","UPRRTX",1/10/2022,"","PBWWRTX",12/30/2021,20,1/18/2022,0,0,0,0,0,0,0,0,12/8/2021,1/14/2022,1/21/2022
1904162,"ELBilling","PBI","PBI","DIT","AC","NYKZ698030","HMMU6337391",1309,9,"YST","YARD STORAGE CHARGES","E",28,252,"","UP - DIT WILMER (V963)","NEOXPO","NEOVIA LOGISTICS - A59","SAMCA","Samsung Electronics America (SALS)","SAMCADC","JDAL21002516811","","LCHM55056300","HII",12/29/2021,"0937",1/6/2022,1/6/2022,"2359","2359",1/6/2022,"1005",1/7/2022,"UPRRTX","UPRRTX",1/7/2022,"","PBWWRTX",12/29/2021,20,1/17/2022,0,0,0,0,0,0,0,0,12/8/2021,1/14/2022,1/21/2022
1904208,"ELBilling","PBI","PBI","DIT","AC","APMZ421664","KOCU4188823",1218,9,"YST","YARD STORAGE CHARGES","E",28,252,"","UP - DIT WILMER (V963)","NEOXPO","NEOVIA LOGISTICS - A59","SAMCA","Samsung Electronics America (SALS)","SAMCADC","JDAL21002516813","","LCHM55056300","HII",12/30/2021,"0935",1/7/2022,1/7/2022,"2359","2359",1/7/2022,"0927",1/8/2022,"UPRRTX","UPRRTX",1/8/2022,"","PBWWRTX",12/30/2021,20,1/18/2022,0,0,0,0,0,0,0,0,12/8/2021,1/14/2022,1/21/2022
1904209,"ELBilling","PBI","PBI","DIT","AC","DCLZ414057","KOCU4288268",1316,10,"YST","YARD STORAGE CHARGES","E",28,280,"","UP - DIT WILMER (V963)","NEOXPO","NEOVIA LOGISTICS - A59","SAMCA","Samsung Electronics America (SALS)","SAMCADC","JDAL21002516814","","LCHM55056300","HII",12/29/2021,"0753",1/7/2022,1/7/2022,"2359","2359",1/7/2022,"0931",1/11/2022,"UPRRTX","UPRRTX",1/11/2022,"","PBWWRTX",12/29/2021,20,1/17/2022,0,0,0,0,0,0,0,0,12/8/2021,1/14/2022,1/21/2022
1904210,"ELBilling","PBI","PBI","DIT","AC","DCLZ702296","KOCU4560904",1314,10,"YST","YARD STORAGE CHARGES","E",28,280,"","UP - DIT WILMER (V963)","NEOXPO","NEOVIA LOGISTICS - A59","SAMCA","Samsung Electronics America (SALS)","SAMCADC","JDAL21002516816","","LCHM55056300","HII",12/29/2021,"1022",1/7/2022,1/7/2022,"2359","2359",1/7/2022,"1103",1/8/2022,"UPRRTX","UPRRTX",1/8/2022,"","PBWWRTX",12/29/2021,20,1/17/2022,0,0,0,0,0,0,0,0,12/8/2021,1/14/2022,1/21/2022
1904211,"ELBilling","PBI","PBI","DIT","AC","DECZ402570","KOCU4681296",1218,9,"YST","YARD STORAGE CHARGES","E",28,252,"","UP - DIT WILMER (V963)","NEOXPO","NEOVIA LOGISTICS - A59","SAMCA","Samsung Electronics America (SALS)","SAMCADC","JDAL21002516817","","LCHM55056300","HII",12/30/2021,"0701",1/7/2022,1/7/2022,"2359","2359",1/7/2022,"0826",1/8/2022,"UPRRTX","UPRRTX",1/8/2022,"","PBWWRTX",12/30/2021,20,1/18/2022,0,0,0,0,0,0,0,0,12/8/2021,1/14/2022,1/21/2022
1904212,"ELBilling","PBI","PBI","DIT","AC","DCSZ783928","KOCU4887230",1311,8,"YST","YARD STORAGE CHARGES","E",28,224,"","UP - DIT WILMER (V963)","NEOXPO","NEOVIA LOGISTICS - A59","SAMCA","Samsung Electronics America (SALS)","SAMCADC","JDAL21002516818","","LCHM55056300","HII",12/29/2021,"1104",1/5/2022,1/5/2022,"0000","2359",1/5/2022,"0810",1/6/2022,"UPRRTX","UPRRTX",1/6/2022,"","PBWWRTX",12/29/2021,20,1/17/2022,0,0,0,0,0,0,0,0,12/8/2021,1/14/2022,1/21/2022
1904213,"ELBilling","PBI","PBI","DIT","AC","OESZ806471","CAIU7475859",1219,9,"YST","YARD STORAGE CHARGES","E",28,252,"","UP - DIT WILMER (V963)","NEOXPO","NEOVIA LOGISTICS - A59","SAMCA","Samsung Electronics America (SALS)","SAMCADC","JDAL21002516820","","LCHM12019800","HII",12/30/2021,"0751",1/7/2022,1/7/2022,"2359","2359",1/7/2022,"1249",1/12/2022,"UPRRTX","UPRRTX",1/12/2022,"","PBWWRTX",12/30/2021,20,1/18/2022,0,0,0,0,0,0,0,0,12/8/2021,1/14/2022,1/21/2022
1904215,"ELBilling","PBI","PBI","DIT","AC","APMZ701238","KOCU4730493",1313,10,"YST","YARD STORAGE CHARGES","E",28,280,"","UP - DIT WILMER (V963)","NEOXPO","NEOVIA LOGISTICS - A59","SAMCA","Samsung Electronics America (SALS)","SAMCADC","JDAL21002516822","","LCHM12019800","HII",12/29/2021,"1154",1/7/2022,1/7/2022,"2359","2359",1/7/2022,"0654",1/10/2022,"UPRRTX","UPRRTX",1/10/2022,"","PBWWRTX",12/29/2021,20,1/17/2022,0,0,0,0,0,0,0,0,12/8/2021,1/14/2022,1/21/2022
1904216,"ELBilling","PBI","PBI","DIT","AC","DCSZ784547","KOCU4754957",1220,9,"YST","YARD STORAGE CHARGES","E",28,252,"","UP - DIT WILMER (V963)","NEOXPO","NEOVIA LOGISTICS - A59","SAMCA","Samsung Electronics America (SALS)","SAMCADC","JDAL21002516823","","LCHM12019800","HII",12/30/2021,"0726",1/7/2022,1/7/2022,"2359","2359",1/7/2022,"1200",1/11/2022,"UPRRTX","UPRRTX",1/11/2022,"","PBWWRTX",12/30/2021,20,1/18/2022,0,0,0,0,0,0,0,0,12/8/2021,1/14/2022,1/21/2022
1904217,"ELBilling","PBI","PBI","DIT","AC","DCLZ701505","KOCU5215245",1310,10,"YST","YARD STORAGE CHARGES","E",28,280,"","UP - DIT WILMER (V963)","NEOXPO","NEOVIA LOGISTICS - A59","SAMCA","Samsung Electronics America (SALS)","SAMCADC","JDAL21002516824","","LCHM12019800","HII",12/29/2021,"1242",1/7/2022,1/7/2022,"2359","2359",1/7/2022,"1238",1/11/2022,"UPRRTX","UPRRTX",1/11/2022,"","PBWWRTX",12/29/2021,20,1/17/2022,0,0,0,0,0,0,0,0,12/8/2021,1/14/2022,1/21/2022
1904218,"ELBilling","PBI","PBI","DIT","AC","DECZ403503","TEMU6704912",1221,9,"YST","YARD STORAGE CHARGES","E",28,252,"","UP - DIT WILMER (V963)","NEOXPO","NEOVIA LOGISTICS - A59","SAMCA","Samsung Electronics America (SALS)","SAMCADC","JDAL21002516825","","LCHM12019800","HII",12/30/2021,"0607",1/7/2022,1/7/2022,"2359","2359",1/7/2022,"0039",1/8/2022,"UPRRTX","UPRRTX",1/8/2022,"","PBWWRTX",12/30/2021,20,1/18/2022,0,0,0,0,0,0,0,0,12/8/2021,1/14/2022,1/21/2022
1904219,"ELBilling","PBI","PBI","DIT","AC","MAEC607479","KOCU4545915",1222,9,"YST","YARD STORAGE CHARGES","E",28,252,"","UP - DIT WILMER (V963)","NEOXPO","NEOVIA LOGISTICS - A59","SAMCA","Samsung Electronics America (SALS)","SAMCADC","JDAL21002516826","","LCHM51336600","HII",12/30/2021,"1303",1/7/2022,1/7/2022,"2359","2359",1/7/2022,"1331",1/11/2022,"UPRRTX","UPRRTX",1/11/2022,"","PBWWRTX",12/30/2021,20,1/18/2022,0,0,0,0,0,0,0,0,12/8/2021,1/14/2022,1/21/2022
1904229,"ELBilling","PBI","PBI","DIT","AC","NEDZ400548","KOCU4263892",1317,10,"YST","YARD STORAGE CHARGES","E",28,280,"","UP - DIT WILMER (V963)","NEOXPO","NEOVIA LOGISTICS - A59","SAMCA","Samsung Electronics America (SALS)","SAMCADC","JDAL21002516979","","LCHM12019800","HII",12/29/2021,"1405",1/7/2022,1/7/2022,"2359","2359",1/7/2022,"1029",1/10/2022,"UPRRTX","UPRRTX",1/10/2022,"","PBWWRTX",12/29/2021,20,1/17/2022,0,0,0,0,0,0,0,0,12/8/2021,1/14/2022,1/21/2022
1904230,"ELBilling","PBI","PBI","DIT","AC","DCYZ401634","KOCU4290820",1315,8,"YST","YARD STORAGE CHARGES","E",28,224,"","UP - DIT WILMER (V963)","NEOXPO","NEOVIA LOGISTICS - A59","SAMCA","Samsung Electronics America (SALS)","SAMCADC","JDAL21002516980","","LCHM12019800","HII",12/29/2021,"0807",1/5/2022,1/5/2022,"0000","2359",1/5/2022,"0506",1/6/2022,"UPRRTX","UPRRTX",1/6/2022,"","PBWWRTX",12/29/2021,20,1/17/2022,0,0,0,0,0,0,0,0,12/8/2021,1/14/2022,1/21/2022
1904234,"ELBilling","PBI","PBI","DIT","AC","FVXZ706554","TCNU1701490",1317,8,"YST","YARD STORAGE CHARGES","E",28,224,"","UP - DIT WILMER (V963)","NEOXPO","NEOVIA LOGISTICS - A59","SAMCA","Samsung Electronics America (SALS)","SAMCADC","JDAL21002516982","","LCHM12019800","HII",12/29/2021,"0320",1/5/2022,1/5/2022,"2359","2359",1/5/2022,"0913",1/6/2022,"UPRRTX","UPRRTX",1/6/2022,"","PBWWRTX",12/29/2021,20,1/17/2022,0,0,0,0,0,0,0,0,12/8/2021,1/14/2022,1/21/2022
1904237,"ELBilling","PBI","PBI","DIT","AC","DCLZ414005","KOCU4529658",1645,1,"YST","YARD STORAGE CHARGES","E",25,25,"","UP - DIT WILMER (V963)","LOWADTX","LOWE'S ADC 3270","SAMCA","Samsung Electronics America (SALS)","SAMCADR","JDAL21002517039","","LCHM02779900","HII",12/30/2021,"0847",12/29/2021,12/31/2021,"2359","2359",12/31/2021,"0730",1/6/2022,"UPRRTX","UPRRTX",1/6/2022,"","PBWWRTX",12/30/2021,20,1/18/2022,0,0,0,0,0,0,0,0,12/8/2021,,
1904238,"ELBilling","PBI","PBI","DIT","AC","APMZ703497","KOCU4785480",1646,2,"YST","YARD STORAGE CHARGES","E",28,56,"","UP - DIT WILMER (V963)","LOWADTX","LOWE'S ADC 3270","SAMCA","Samsung Electronics America (SALS)","SAMCADR","JDAL21002517042","","LCHM50649800","HII",12/30/2021,"1231",12/29/2021,12/31/2021,"2359","2359",12/31/2021,"0630",1/6/2022,"UPRRTX","UPRRTX",1/6/2022,"","PBWWRTX",12/30/2021,20,1/18/2022,0,0,0,0,0,0,0,0,12/8/2021,,
1904240,"ELBilling","PBI","PBI","DIT","AC","DCLZ412273","KOCU4459885",1647,3,"YST","YARD STORAGE CHARGES","E",28,84,"","UP - DIT WILMER (V963)","LOWADTX","LOWE'S ADC 3270","SAMCA","Samsung Electronics America (SALS)","SAMCADR","JDAL21002517043","","LCHM50649801","HII",12/29/2021,"0911",12/29/2021,12/31/2021,"2359","2359",12/31/2021,"0603",1/5/2022,"UPRRTX","UPRRTX",1/5/2022,"","PBWWRTX",12/29/2021,20,1/17/2022,0,0,0,0,0,0,0,0,12/8/2021,,
1904242,"ELBilling","PBI","PBI","DIT","AC","PONZ458039","HDMU6869170",1649,2,"YST","YARD STORAGE CHARGES","E",28,56,"","UP - DIT WILMER (V963)","LOWADTX","LOWE'S ADC 3270","SAMCA","Samsung Electronics America (SALS)","SAMCADR","JDAL21002516871","","LCHM50649802","HII",12/30/2021,"0855",12/29/2021,12/31/2021,"2359","2359",12/31/2021,"0820",1/10/2022,"UPRRTX","UPRRTX",1/10/2022,"","PBWWRTX",12/30/2021,20,1/18/2022,0,0,0,0,0,0,0,0,12/8/2021,,
1904243,"ELBilling","PBI","PBI","DIT","AC","DCNZ416172","HDMU6735144",952,9,"YST","YARD STORAGE CHARGES","E",28,252,"","UP - DIT WILMER (V963)","SAMTX","BEST BUY 075 C/O SAMSUNG","SAMCA","Samsung Electronics America (SALS)","SAMCADR","JDAL21002517407","","LCHM56567500","HII",12/29/2021,"0512",1/6/2022,1/6/2022,"0530","0530",1/6/2022,"0450",1/6/2022,"UPRRTX","UPRRTX",1/6/2022,"","PBWWRTX",12/29/2021,20,1/17/2022,0,0,0,0,0,0,0,0,12/8/2021,,
1904245,"ELBilling","PBI","PBI","DIT","AC","APMZ415843","CAIU7523221",950,9,"YST","YARD STORAGE CHARGES","E",28,252,"","UP - DIT WILMER (V963)","SAMTX","BEST BUY 075 C/O SAMSUNG","SAMCA","Samsung Electronics America (SALS)","SAMCADR","JDAL21002517408","","LCHM56567501","HII",12/29/2021,"0609",1/6/2022,1/6/2022,"0600","0600",1/6/2022,"0450",1/6/2022,"UPRRTX","UPRRTX",1/6/2022,"","PBWWRTX",12/29/2021,20,1/17/2022,0,0,0,0,0,0,0,0,12/8/2021,,
1904246,"ELBilling","PBI","PBI","DIT","AC","CCPZ426689","HDMU6891240",949,21,"YST","YARD STORAGE CHARGES","E",28,588,"","UP - DIT WILMER (V963)","SAMTX","BEST BUY 075 C/O SAMSUNG","SAMCA","Samsung Electronics America (SALS)","SAMCADR","JDAL21002517409","","LCHM56567502","HII",12/29/2021,"0433",1/6/2022,1/18/2022,"0630","0700",1/18/2022,"0633",1/18/2022,"UPRRTX","UPRRTX",1/18/2022,"","PBWWRTX",12/30/2021,20,1/17/2022,0,0,0,0,0,0,0,0,12/8/2021,,
1904247,"ELBilling","PBI","PBI","DIT","AC","PONZ458167","HDMU6718384",947,9,"YST","YARD STORAGE CHARGES","E",28,252,"","UP - DIT WILMER (V963)","SAMTX","BEST BUY 075 C/O SAMSUNG","SAMCA","Samsung Electronics America (SALS)","SAMCADR","JDAL21002517297","","LCHM56567503","HII",12/29/2021,"0902",1/6/2022,1/6/2022,"0600","0600",1/6/2022,"0506",1/6/2022,"UPRRTX","UPRRTX",1/6/2022,"","PBWWRTX",12/30/2021,20,1/17/2022,0,0,0,0,0,0,0,0,12/8/2021,,
1904462,"ELBilling","PBI","PBI","DIT","AC","DCLZ412374","CAIU4355356",1026,27,"YST","YARD STORAGE CHARGES","E",28,756,"","UP - DIT WILMER (V963)","LOWADTX","LOWE'S ADC 3270","SAMCA","Samsung Electronics America (SALS)","SAMCADR","JDAL21002618893","","LCHM35925100","HII",1/15/2022,"1220",2/10/2022,2/10/2022,"2359","2359",2/10/2022,"1027",2/12/2022,"UPRRTX","UPRRTX",2/12/2022,"","PBWWRTX",1/16/2022,20,2/3/2022,0,0,0,0,0,0,0,0,12/23/2021,,
1904463,"ELBilling","PBI","PBI","DIT","AC","MAEC651559","KOCU4972650",910,14,"YST","YARD STORAGE CHARGES","E",28,392,"","UP - DIT WILMER (V963)","LOWADTX","LOWE'S ADC 3270","SAMCA","Samsung Electronics America (SALS)","SAMCADR","JDAL21002618786","","LCHM35925101","HII",1/11/2022,"0425",1/24/2022,1/24/2022,"2359","2359",1/24/2022,"0956",1/29/2022,"UPRRTX","UPRRTX",1/29/2022,"","PBWWRTX",1/11/2022,20,1/30/2022,0,0,0,0,0,0,0,0,12/23/2021,,
1904464,"ELBilling","PBI","PBI","DIT","AC","APMZ422469","TLLU5779902",1033,27,"YST","YARD STORAGE CHARGES","E",28,756,"","UP - DIT WILMER (V963)","LOWADTX","LOWE'S ADC 3270","SAMCA","Samsung Electronics America (SALS)","SAMCADR","JDAL21002618787","","LCHM35925102","HII",1/15/2022,"1128",2/10/2022,2/10/2022,"2359","2359",2/10/2022,"1124",,"UPRRTX","",,"","PBWWRTX",1/16/2022,20,2/3/2022,0,0,0,0,0,0,0,0,12/23/2021,,
1904465,"ELBilling","PBI","PBI","DIT","AC","DECZ402506","KOCU4310079",1035,27,"YST","YARD STORAGE CHARGES","E",28,756,"","UP - DIT WILMER (V963)","LOWADTX","LOWE'S ADC 3270","SAMCA","Samsung Electronics America (SALS)","SAMCADR","JDAL21002618894","","LCHM35925103","HII",1/15/2022,"1035",2/10/2022,2/10/2022,"2359","2359",2/10/2022,"0900",,"UPRRTX","",,"","PBWWRTX",1/16/2022,20,2/3/2022,0,0,0,0,0,0,0,0,12/23/2021,,
1904466,"ELBilling","PBI","PBI","DIT","AC","MSCZ454443","KOCU4904888",1038,27,"YST","YARD STORAGE CHARGES","E",28,756,"","UP - DIT WILMER (V963)","LOWADTX","LOWE'S ADC 3270","SAMCA","Samsung Electronics America (SALS)","SAMCADR","JDAL21002618788","","LCHM35925104","HII",1/15/2022,"0931",2/10/2022,2/10/2022,"2359","2359",2/10/2022,"0750",,"UPRRTX","",,"","PBWWRTX",1/16/2022,20,2/3/2022,0,0,0,0,0,0,0,0,12/23/2021,,
1904467,"ELBilling","PBI","PBI","DIT","AC","APMZ703032","CAIU4347900",1041,27,"YST","YARD STORAGE CHARGES","E",28,756,"","UP - DIT WILMER (V963)","LOWADTX","LOWE'S ADC 3270","SAMCA","Samsung Electronics America (SALS)","SAMCADR","JDAL21002618789","","LCHM35925105","HII",1/15/2022,"1428",2/10/2022,2/10/2022,"2359","2359",2/10/2022,"0700",2/11/2022,"UPRRTX","UPRRTX",2/11/2022,"","PBWWRTX",1/16/2022,20,2/3/2022,0,0,0,0,0,0,0,0,12/23/2021,,
1904569,"ELBilling","PBI","PBI","DIT","AC","APMZ404594","KOCU5024090",905,14,"YST","YARD STORAGE CHARGES","E",28,392,"","UP - DIT WILMER (V963)","LOWADTX","LOWE'S ADC 3270","SAMCA","Samsung Electronics America (SALS)","SAMCADR","JDAL21002517041","","LCHM02779901","HII",1/11/2022,"0343",1/24/2022,1/24/2022,"2359","2359",1/24/2022,"0813",1/27/2022,"UPRRTX","UPRRTX",1/27/2022,"","PBWWRTX",1/11/2022,20,1/30/2022,0,0,0,0,0,0,0,0,12/8/2021,,
1904571,"ELBilling","PBI","PBI","DIT","AC","APMZ412775","KOCU4270546",811,2,"YST","YARD STORAGE CHARGES","E",28,56,"","UP - DIT WILMER (V963)","SAMTX","BEST BUY 075 C/O SAMSUNG","SAMCA","Samsung Electronics America (SALS)","SAMCADR","JDAL21002517298","","LCHM77448500","HII",1/24/2022,"0919",1/25/2022,1/25/2022,"0800","0800",1/25/2022,"0722",1/25/2022,"UPRRTX","UPRRTX",1/25/2022,"","PBWWRTX",1/24/2022,20,2/12/2022,0,0,0,0,0,0,0,0,12/8/2021,,
1904575,"ELBilling","PBI","PBI","DIT","AC","POCZ401544","DRYU9220626",856,6,"YST","YARD STORAGE CHARGES","E",28,168,"","UP - DIT WILMER (V963)","AARONSS","AARONS/ SAMSUNG","SAMCA","Samsung Electronics America (SALS)","SAMCADR","JDAL21002618784","","LCHM16290300","HII",1/15/2022,"1307",1/20/2022,1/20/2022,"0900","0900",1/20/2022,"0840",1/20/2022,"UPRRTX","UPRRTX",1/20/2022,"","PBWWRTX",1/16/2022,20,2/3/2022,0,0,0,0,0,0,0,0,12/23/2021,,
1904673,"Lineitem","PBI","PBI","DIT","99","TNPZ423235","TCNU4112935",3,4,"YST","YARD STORAGE CHARGES","E",40,160,"","UP - DIT WILMER (V963)","PACRITX","PACIFIC RIM INT'L WEST INC","LONGSCA","LONGSAIL USA CORPORATION","LONGSCA","LSOI120575","","HLCUSHA211021212","HAP",1/14/2022,"0637",1/17/2022,1/17/2022,"1000","1000",1/17/2022,"0858",1/17/2022,"UPRRTX","UPRRTX",1/17/2022,"","PBWWRTX",1/14/2022,5,1/20/2022,0,0,0,0,0,0,0,0,12/30/2021,1/21/2022,2/9/2022
1904674,"Lineitem","PBI","PBI","DIT","99","TNPZ498837","FSCU8237127",3,5,"YST","YARD STORAGE CHARGES","E",40,200,"","UP - DIT WILMER (V963)","PACRITX","PACIFIC RIM INT'L WEST INC","LONGSCA","LONGSAIL USA CORPORATION","LONGSCA","LSOI120573","","HLCUSHA211021256","HAP",1/14/2022,"0418",1/18/2022,1/18/2022,"1000","1000",1/18/2022,"0640",1/18/2022,"UPRRTX","UPRRTX",1/18/2022,"","PBWWRTX",1/14/2022,5,1/20/2022,0,0,0,0,0,0,0,0,12/30/2021,1/21/2022,2/9/2022
1904983,"ELBilling","PBI","PBI","DIT","AC","DECZ402825","SEGU6028956",908,24,"YST","YARD STORAGE CHARGES","E",28,672,"","UP - DIT WILMER (V963)","LOWADTX","LOWE'S ADC 3270","SAMCA","Samsung Electronics America (SALS)","SAMCADR","JDAL21002618797","","SZPM48770400","HII",1/11/2022,"0431",1/24/2022,1/24/2022,"2359","2359",1/24/2022,"0930",1/27/2022,"UPRRTX","UPRRTX",1/27/2022,"","PBWWRTX",1/11/2022,20,1/30/2022,0,0,0,0,0,0,0,0,12/23/2021,,
1904984,"ELBilling","PBI","PBI","DIT","AC","OESZ806884","HMMU6296883",1024,27,"YST","YARD STORAGE CHARGES","E",28,756,"","UP - DIT WILMER (V963)","LOWADTX","LOWE'S ADC 3270","SAMCA","Samsung Electronics America (SALS)","SAMCADR","JDAL21002618904","","SZPM88147600","HII",1/15/2022,"1421",2/10/2022,2/10/2022,"2359","2359",2/10/2022,"0742",2/11/2022,"UPRRTX","UPRRTX",2/11/2022,"","PBWWRTX",1/16/2022,20,2/3/2022,0,0,0,0,0,0,0,0,12/23/2021,,
1905647,"ELBilling","PBI","PBI","DIT","AC","DCLZ416227","KOCU4213660",1530,1,"YST","YARD STORAGE CHARGES","E",28,28,"","UP - DIT WILMER (V963)","LOWADTX","LOWE'S ADC 3270","SAMCA","Samsung Electronics America (SALS)","SAMCADR","JDAL21002625534","","SZPM67481100","HII",1/30/2022,"1111",2/11/2022,2/11/2022,"2359","2359",2/11/2022,"0746",,"UPRRTX","",,"","PBWWRTX",1/30/2022,20,2/18/2022,0,0,0,0,0,0,0,0,12/24/2021,,
1905648,"ELBilling","PBI","PBI","DIT","AC","APMZ419100","CAIU7636104",1531,1,"YST","YARD STORAGE CHARGES","E",28,28,"","UP - DIT WILMER (V963)","LOWADTX","LOWE'S ADC 3270","SAMCA","Samsung Electronics America (SALS)","SAMCADR","JDAL21002625535","","SZPM58561500","HII",1/30/2022,"0826",2/11/2022,2/11/2022,"2359","2359",2/11/2022,"1124",,"","",,"","PBWWRTX",,20,2/18/2022,0,0,0,0,0,0,0,0,12/24/2021,,
1906162,"ELBilling","PBI","PBI","DIT","AC","OESZ806658","KOCU4925664",806,5,"YST","YARD STORAGE CHARGES","E",28,140,"","UP - DIT WILMER (V963)","AARONTX","AARON C/O SAMSUNG","SAMCA","Samsung Electronics America (SALS)","SAMCADR","JDAL21002666610","","LCHM34231000","HII",1/24/2022,"1341",1/28/2022,1/28/2022,"1100","1100",1/28/2022,"0850",1/28/2022,"UPRRTX","UPRRTX",1/28/2022,"","PBWWRTX",1/24/2022,20,2/12/2022,0,0,0,0,0,0,0,0,12/29/2021,,
1906163,"ELBilling","PBI","PBI","DIT","AC","APMZ420216","KOCU4490582",807,8,"YST","YARD STORAGE CHARGES","E",28,224,"","UP - DIT WILMER (V963)","AARONTX","AARON C/O SAMSUNG","SAMCA","Samsung Electronics America (SALS)","SAMCADR","JDAL21002666701","","LCHM34231001","HII",1/24/2022,"1403",1/31/2022,1/31/2022,"1100","1100",1/31/2022,"1100",1/31/2022,"UPRRTX","UPRRTX",1/31/2022,"","PBWWRTX",1/24/2022,20,2/12/2022,0,0,0,0,0,0,0,0,12/29/2021,,
1906531,"ELBilling","PBI","PBI","DIT","AC","TNPZ479195","TGBU6970358",913,13,"YST","YARD STORAGE CHARGES","E",28,364,"","UP - DIT WILMER (V963)","SAMTX","BEST BUY 075 C/O SAMSUNG","SAMCA","Samsung Electronics America (SALS)","SAMCADR","TNAM2224584","","SEL1304361","CMA",1/30/2022,"0936",2/4/2022,2/11/2022,"0630","0800",2/11/2022,"0818",2/11/2022,"INTWITX","INTWITX",2/11/2022,"","PBWWRTX",1/30/2022,20,2/18/2022,0,0,0,0,0,0,0,0,1/24/2022,,
1906532,"ELBilling","PBI","PBI","DIT","AC","TNPZ446788","APHU7072020",912,1,"YST","YARD STORAGE CHARGES","E",28,28,"","UP - DIT WILMER (V963)","SAMTX","BEST BUY 075 C/O SAMSUNG","SAMCA","Samsung Electronics America (SALS)","SAMCADR","TNAM2224587","","SEL1305208","CMA",1/30/2022,"1024",2/4/2022,2/11/2022,"0700","1030",2/11/2022,"1022",2/11/2022,"INTWITX","UPRRTX",2/11/2022,"","PBWWRTX",1/30/2022,20,2/18/2022,0,0,0,0,0,0,0,0,1/24/2022,,
""
"Note: From table  where UPPER(Terminal) LIKE 'DIT%' AND UPPER(SVCCODE_LE) LIKE 'YST%' AND  (PU_Date >= '12/1/2021' AND PU_Date <= '1/30/2022') ."
"Date: 02/14/2022 09:45"
